08-0104,Colorado,Platinum,300,33,333,Advances to Regional Round
08-1064,Texas,Platinum,300,33,333,Advances to Regional Round
08-0172,Florida,Platinum,300,31.35,331.35,Advances to Regional Round
08-1691,Texas,Platinum,294,32.175,326.175,Advances to Regional Round
08-2824,California,Platinum,296,29.7,325.7,Advances to Regional Round
08-1143,Pennsylvania,Platinum,293,31.35,324.35,Advances to Regional Round
08-2685,Canada,Platinum,293,29.7,322.7,Advances to Regional Round
08-0777,Colorado,Platinum,293,29.7,322.7,Advances to Regional Round
08-0290,New Mexico,Platinum,290,32.175,322.175,Advances to Regional Round
08-0853,California,Platinum,292,29.7,321.7,Advances to Regional Round
08-2935,Pennsylvania,Platinum,288,33,321,Advances to Regional Round
08-1821,Ohio,Platinum,289,31.35,320.35,Advances to Regional Round
08-1411,Colorado,Platinum,289,29.7,318.7,Advances to Regional Round
08-0184,California,Platinum,287,31.35,318.35,Advances to Regional Round
08-0529,New Jersey,Platinum,285,32.175,317.175,Advances to Regional Round
08-1100,Maryland,Platinum,289,28.05,317.05,Advances to Regional Round
08-0807,South Carolina,Platinum,290,25.575,315.575,Advances to Regional Round
08-0105,Colorado,Platinum,289,26.4,315.4,Advances to Regional Round
08-0062,California,Platinum,282,33,315,Advances to Regional Round
08-0131,Missouri,Platinum,282,33,315,Advances to Regional Round
08-0198,Texas,Platinum,286,28.875,314.875,Advances to Regional Round
08-0183,California,Platinum,283,31.35,314.35,Advances to Regional Round
08-0274,California,Platinum,281,33,314,Advances to Regional Round
08-0064,Colorado,Platinum,281,33,314,Advances to Regional Round
08-2004,Florida,Platinum,286,26.675,312.675,Advances to Regional Round
08-0600,Virginia,Platinum,279,33,312,Advances to Regional Round
08-0656,Maryland,Platinum,289,22.275,311.275,Advances to Regional Round
08-1125,Maryland,Platinum,282,28.875,310.875,Advances to Regional Round
08-1834,Alabama,Platinum,285,25.575,310.575,Advances to Regional Round
08-2378,California,Platinum,279,31.35,310.35,Advances to Regional Round
08-0410,Virginia,Platinum,279,31.35,310.35,Advances to Regional Round
08-1066,Texas,Platinum,282,28.05,310.05,Advances to Regional Round
08-0273,California,Platinum,280,29.7,309.7,Advances to Regional Round
08-2610,Maryland,Platinum,277,31.35,308.35,Advances to Regional Round
08-0305,Hawaii,Platinum,278,29.7,307.7,Advances to Regional Round
08-1869,Massachusetts,Platinum,276,31.35,307.35,Advances to Regional Round
08-0283,California,Platinum,274,33,307,Advances to Regional Round
08-2314,Virginia,Platinum,282,24.75,306.75,Advances to Regional Round
08-0169,Colorado,Platinum,276,30.525,306.525,Advances to Regional Round
08-0922,Washington,Platinum,285,21.45,306.45,Advances to Regional Round
08-0601,Canada,Platinum,275,31.35,306.35,Advances to Regional Round
08-0772,California,Platinum,280,25.575,305.575,Advances to Regional Round
08-2012,Virginia,Platinum,274,31.35,305.35,Advances to Regional Round
08-2403,Virginia,Platinum,277,28.05,305.05,Advances to Regional Round
08-1887,California,Platinum,276,28.875,304.875,Advances to Regional Round
08-0227,Texas,Platinum,275,29.7,304.7,Advances to Regional Round
08-0411,Virginia,Platinum,275,29.7,304.7,Advances to Regional Round
08-0225,Texas,Platinum,278,26.4,304.4,Advances to Regional Round
08-1101,Maryland,Platinum,273,31.35,304.35,Advances to Regional Round
08-0226,Texas,Platinum,275,28.875,303.875,Advances to Regional Round
08-0066,Colorado,Platinum,279,24.75,303.75,Advances to Regional Round
08-1099,Maryland,Platinum,278,25.575,303.575,Advances to Regional Round
08-0730,Washington,Platinum,270,33,303,Advances to Regional Round
08-2625,Nevada,Platinum,274,28.875,302.875,Advances to Regional Round
08-2068,Maryland,Platinum,276,26.4,302.4,Advances to Regional Round
08-1794,Washington,Platinum,271,31.35,302.35,Advances to Regional Round
08-2686,Canada,Platinum,282,19.8,301.8,Advances to Regional Round
08-1985,Virginia,Platinum,276,25.575,301.575,Advances to Regional Round
08-0401,California,Platinum,274,27.225,301.225,Advances to Regional Round
08-0634,Tennessee,Platinum,268,33,301,Advances to Regional Round
08-2404,Virginia,Platinum,272,28.875,300.875,Advances to Regional Round
08-1668,Oklahoma,Platinum,276,24.75,300.75,Advances to Regional Round
08-0271,California,Platinum,276,23.925,299.925,Advances to Regional Round
08-0011,Colorado,Platinum,270,29.7,299.7,Advances to Regional Round
08-0733,Washington,Platinum,268,31.35,299.35,Advances to Regional Round
08-2059,Washington,Platinum,272,27.225,299.225,Advances to Regional Round
08-2998,South Carolina,Platinum,271,27.225,298.225,Advances to Regional Round
08-2030,New Jersey,Platinum,266,32.175,298.175,Advances to Regional Round
08-0224,Texas,Platinum,268,29.7,297.7,Advances to Regional Round
08-1464,California,Platinum,272,25.575,297.575,Advances to Regional Round
08-0719,Florida,Platinum,267,30.525,297.525,Advances to Regional Round
08-0684,South Carolina,Platinum,269,28.05,297.05,Advances to Regional Round
08-0135,Missouri,Platinum,267,29.7,296.7,Advances to Regional Round
08-1828,Alabama,Platinum,267,28.875,295.875,Advances to Regional Round
08-1586,AE,Platinum,266,29.7,295.7,Advances to Regional Round
08-0002,Colorado,Platinum,266,29.7,295.7,Advances to Regional Round
08-0802,Washington,Platinum,270,24.75,294.75,Advances to Regional Round
08-0132,Missouri,Platinum,265,29.7,294.7,Advances to Regional Round
08-0828,Virginia,Platinum,265,29.7,294.7,Advances to Regional Round
08-0117,Colorado,Platinum,274,20.625,294.625,Advances to Regional Round
08-0060,California,Platinum,263,31.35,294.35,Advances to Regional Round
08-0854,California,Platinum,261,33,294,Advances to Regional Round
08-1317,Alabama,Platinum,266,27.225,293.225,Advances to Regional Round
08-2204,California,Platinum,266,27.225,293.225,Does not advance
08-0217,Tennessee,Platinum,268,24.75,292.75,Advances to Regional Round
08-0118,Colorado,Platinum,262,29.7,291.7,Does not advance
08-0309,California,Platinum,270,21.45,291.45,Advances to Regional Round
08-0614,California,Platinum,264,27.225,291.225,Does not advance
08-2683,Canada,Platinum,263,28.05,291.05,Does not advance
08-2065,Texas,Platinum,272,18.975,290.975,Advances to Regional Round
08-2395,California,Platinum,267,23.925,290.925,Does not advance
08-1889,Virginia,Platinum,265,25.575,290.575,Does not advance
08-2576,California,Platinum,264,26.4,290.4,Advances to Regional Round
08-2930,Maryland,Platinum,260,29.7,289.7,Does not advance
08-2486,California,Platinum,269,20.625,289.625,Does not advance
08-0008,Ohio,Platinum,261,28.05,289.05,Advances to Regional Round
08-2911,Virginia,Platinum,261,28.05,289.05,Does not advance
08-1497,Texas,Platinum,264,24.75,288.75,Does not advance
08-0598,Massachusetts,Platinum,257,31.35,288.35,Advances to Regional Round
08-1737,Alabama,Platinum,261,27.225,288.225,Does not advance
08-2820,Florida,Platinum,256,32.175,288.175,Does not advance
08-0272,California,Platinum,270,18.15,288.15,Does not advance
08-0977,Virginia,Platinum,259,28.875,287.875,Does not advance
08-2874,Texas,Platinum,258,29.7,287.7,Does not advance
08-0396,Virginia,Platinum,255,32.175,287.175,Does not advance
08-0392,New Mexico,Platinum,263,23.925,286.925,Advances to Regional Round
08-2575,California,Platinum,258,28.05,286.05,Advances to Regional Round
08-0495,Virginia,Platinum,258,28.05,286.05,Does not advance
08-1915,Virginia,Platinum,258,28.05,286.05,Does not advance
08-0768,Colorado,Platinum,264,21.45,285.45,Does not advance
08-0523,Hawaii,Platinum,254,31.35,285.35,Advances to Regional Round
08-0887,Texas,Platinum,254,31.35,285.35,Does not advance
08-2937,Pennsylvania,Platinum,257,28.05,285.05,Advances to Regional Round
08-1522,Tennessee,Platinum,257,28.05,285.05,Advances to Regional Round
08-1422,California,Platinum,252,33,285,Does not advance
08-1021,Pennsylvania,Platinum,252,33,285,Advances to Regional Round
08-1870,Massachusetts,Platinum,259,25.575,284.575,Advances to Regional Round
08-2365,Massachusetts,Platinum,253,31.35,284.35,Advances to Regional Round
08-1088,Virginia,Platinum,256,28.05,284.05,Does not advance
08-0022,Oklahoma,Platinum,260,23.925,283.925,Advances to Regional Round
08-0530,California,Platinum,257,26.4,283.4,Does not advance
08-0866,Wisconsin,Platinum,255,28.05,283.05,Advances to Regional Round
08-0731,Washington,Platinum,257,25.575,282.575,Does not advance
08-1984,Virginia,Platinum,261,21.45,282.45,Does not advance
08-2251,Virginia,Platinum,256,26.4,282.4,Does not advance
08-0257,Massachusetts,Platinum,251,31.35,282.35,Does not advance
08-1667,Oklahoma,Platinum,251,31.35,282.35,Advances to Regional Round
08-1338,New Jersey,Platinum,250,32.175,282.175,Advances to Regional Round
08-0102,Texas,Platinum,250,32.175,282.175,Does not advance
08-0206,California,Platinum,253,28.875,281.875,Does not advance
08-0978,Virginia,Platinum,257,24.75,281.75,Does not advance
08-2604,Maryland,Platinum,253,28.05,281.05,Does not advance
08-1104,Maryland,Platinum,257,23.925,280.925,Does not advance
08-1433,Texas,Platinum,259,21.45,280.45,Does not advance
08-1434,Texas,Platinum,259,21.45,280.45,Does not advance
08-1229,Virginia,Platinum,252,28.05,280.05,Does not advance
08-2938,Pennsylvania,Platinum,255,24.75,279.75,Does not advance
08-0039,Indiana,Platinum,249,30.525,279.525,Advances to Regional Round
08-1723,Illinois,Platinum,253,26.4,279.4,Advances to Regional Round
08-0724,Tennessee,Platinum,252,27.225,279.225,Does not advance
08-0378,Alabama,Platinum,250,28.875,278.875,Does not advance
08-0218,Tennessee,Platinum,249,29.7,278.7,Does not advance
08-2397,California,Platinum,248,30.525,278.525,Does not advance
08-0757,Arizona ,Platinum,253,24.75,277.75,Advances to Regional Round
08-0505,Hawaii,Platinum,246,31.35,277.35,Advances to Regional Round
08-0003,Colorado,Platinum,250,27.225,277.225,Does not advance
08-0604,California,Platinum,247,29.7,276.7,Does not advance
08-2972,Colorado,Platinum,256,20.625,276.625,Does not advance
08-2681,Indiana,Platinum,252,23.925,275.925,Advances to Regional Round
08-0566,Texas,Platinum,251,24.75,275.75,Does not advance
08-1839,Alabama,Platinum,250,25.575,275.575,Does not advance
08-1020,Pennsylvania,Platinum,248,27.225,275.225,Does not advance
08-1935,South Carolina,Platinum,251,23.925,274.925,Does not advance
08-0087,Indiana,Platinum,245,29.7,274.7,Advances to Regional Round
08-2862,Maryland,Platinum,245,29.7,274.7,Does not advance
08-0985,Virginia,Platinum,245,29.7,274.7,Does not advance
08-0001,Colorado,Platinum,253,21.45,274.45,Does not advance
08-1450,Virginia,Platinum,243,31.35,274.35,Does not advance
08-0009,Ohio,Platinum,252,22.275,274.275,Advances to Regional Round
08-0350,Virginia,Platinum,246,28.05,274.05,Does not advance
08-0496,Virginia,Platinum,250,23.925,273.925,Does not advance
08-0889,California,Platinum,244,29.7,273.7,Does not advance
08-1274,Alabama,Platinum,253,20.625,273.625,Does not advance
08-0572,Vermont,Platinum,247,26.4,273.4,Advances to Regional Round
08-0182,Indiana,Platinum,242,31.35,273.35,Does not advance
08-2362,Michigan,Platinum,240,33,273,Advances to Regional Round
08-1576,Texas,Platinum,240,33,273,Does not advance
08-3423,California,Platinum,244,28.875,272.875,Does not advance
08-0952,Oklahoma,Platinum,248,24.75,272.75,Does not advance
08-2243,California,Platinum,243,29.7,272.7,Does not advance
08-3342,Florida,Platinum,247,25.575,272.575,Does not advance
08-1886,Maine,Platinum,245,27.225,272.225,Advances to Regional Round
08-2377,California,Platinum,244,28.05,272.05,Does not advance
08-0761,Nevada,Platinum,244,28.05,272.05,Advances to Regional Round
08-0376,Alabama,Platinum,243,28.875,271.875,Does not advance
08-1164,Tennessee,Platinum,243,28.875,271.875,Does not advance
08-2707,Canada,Platinum,247,24.75,271.75,Does not advance
08-2461,Hawaii,Platinum,247,24.75,271.75,Does not advance
08-0377,Alabama,Platinum,250,21.45,271.45,Does not advance
08-2626,Nevada,Platinum,244,27.225,271.225,Advances to Regional Round
08-3000,South Carolina,Platinum,247,23.925,270.925,Does not advance
08-0622,California,Platinum,242,28.875,270.875,Does not advance
08-1998,Virginia,Platinum,251,19.8,270.8,Does not advance
08-0133,Missouri,Platinum,241,29.7,270.7,Does not advance
08-0778,Colorado,Platinum,245,25.575,270.575,Does not advance
08-0236,Massachusetts,Platinum,249,21.45,270.45,Does not advance
08-2776,Minnesota,Platinum,239,31.35,270.35,Advances to Regional Round
08-1523,Tennessee,Platinum,238,32.175,270.175,Does not advance
08-0165,South Carolina,Platinum,242,28.05,270.05,Does not advance
08-2108,Texas,Platinum,251,18.975,269.975,Does not advance
08-1053,Washington,Platinum,241,28.875,269.875,Does not advance
08-2827,Colorado,Platinum,240,29.7,269.7,Does not advance
08-0084,Indiana,Platinum,254,15.675,269.675,Advances to Regional Round
08-0021,Oklahoma,Platinum,248,21.45,269.45,Does not advance
08-0565,Wisconsin,Platinum,243,25.575,268.575,Advances to Regional Round
08-1918,Virginia,Platinum,247,21.45,268.45,Does not advance
08-3114,Hawaii,Platinum,242,26.4,268.4,Does not advance
08-0140,Ohio,Platinum,245,23.1,268.1,Advances to Regional Round
08-0567,Texas,Platinum,249,18.975,267.975,Does not advance
08-0209,California,Platinum,239,28.875,267.875,Does not advance
08-1525,Texas,Platinum,238,29.7,267.7,Does not advance
08-2364,Massachusetts,Platinum,237,30.525,267.525,Does not advance
08-2166,Maine,Platinum,236,31.35,267.35,Advances to Regional Round
08-2173,Florida,Platinum,245,22.275,267.275,Does not advance
08-0775,Hawaii,Platinum,240,27.225,267.225,Does not advance
08-1344,Kansas,Platinum,243,23.925,266.925,Advances to Regional Round
08-0836,Delaware,Platinum,245,21.45,266.45,Advances to Regional Round
08-2091,New Jersey,Platinum,235,31.35,266.35,Does not advance
08-1071,Washington,Platinum,238,28.05,266.05,Does not advance
08-2155,Virginia,Platinum,237,28.875,265.875,Does not advance
08-1938,South Carolina,Platinum,236,29.7,265.7,Does not advance
08-0134,Missouri,Platinum,237,28.05,265.05,Does not advance
08-2861,Maryland,Platinum,236,28.875,264.875,Does not advance
08-0821,Hawaii,Platinum,242,22.825,264.825,Does not advance
08-2225,California,Platinum,240,24.75,264.75,Does not advance
08-0374,Washington,Platinum,240,24.75,264.75,Does not advance
08-2060,Washington,Platinum,240,24.75,264.75,Does not advance
08-1724,Illinois,Platinum,244,20.625,264.625,Advances to Regional Round
08-1936,South Carolina,Platinum,244,20.625,264.625,Does not advance
08-1955,Texas,Platinum,243,21.45,264.45,Does not advance
08-1932,New York,Platinum,239,24.75,263.75,Advances to Regional Round
08-3085,Texas,Platinum,239,24.75,263.75,Does not advance
08-0491,Texas,Platinum,241,22.275,263.275,Does not advance
08-2578,California,Platinum,235,28.05,263.05,Does not advance
08-0082,Indiana,Platinum,234,28.875,262.875,Does not advance
08-0041,Washington,Platinum,238,24.75,262.75,Does not advance
08-1445,Texas,Platinum,240,22.275,262.275,Does not advance
08-2359,Colorado,Platinum,238,23.925,261.925,Does not advance
08-2885,California,Platinum,237,24.75,261.75,Does not advance
08-2268,Maryland,Platinum,232,29.7,261.7,Does not advance
08-1822,Ohio,Platinum,236,25.575,261.575,Does not advance
08-1332,Missouri,Platinum,235,26.4,261.4,Does not advance
08-1297,Florida,Platinum,234,27.225,261.225,Does not advance
08-0510,North Carolina,Platinum,234,27.225,261.225,Advances to Regional Round
08-0370,Tennessee,Platinum,233,28.05,261.05,Does not advance
08-0570,Texas,Platinum,233,28.05,261.05,Does not advance
08-0875,Texas,Platinum,228,33,261,Does not advance
08-0756,Arizona ,Platinum,232,28.875,260.875,Advances to Regional Round
08-0065,Colorado,Platinum,232,28.875,260.875,Does not advance
08-1983,Maryland,Platinum,232,28.875,260.875,Does not advance
08-2129,New Jersey,Platinum,236,24.75,260.75,Does not advance
08-0122,Texas,Platinum,231,29.7,260.7,Does not advance
08-0394,New Mexico,Platinum,235,25.575,260.575,Advances to Regional Round
08-0984,Vermont,Platinum,243,17.325,260.325,Advances to Regional Round
08-0678,California,Platinum,232,28.05,260.05,Does not advance
08-0773,California,Platinum,227,33,260,Does not advance
08-2386,Virginia,Platinum,231,28.875,259.875,Does not advance
08-0389,New Mexico,Platinum,239,20.625,259.625,Does not advance
08-0086,Indiana,Platinum,238,21.45,259.45,Does not advance
08-0944,Maryland,Platinum,228,31.35,259.35,Does not advance
08-1650,Colorado,Platinum,237,22.275,259.275,Does not advance
08-0153,California,Platinum,231,28.05,259.05,Does not advance
08-0477,Maryland,Platinum,231,28.05,259.05,Does not advance
08-0878,California,Platinum,234,25.025,259.025,Does not advance
08-1007,California,Platinum,230,28.875,258.875,Does not advance
08-0981,Virginia,Platinum,230,28.875,258.875,Does not advance
08-2250,Pennsylvania,Platinum,234,24.75,258.75,Does not advance
08-2031,New Jersey,Platinum,247,11.55,258.55,Does not advance
08-3301,"Washington, D.C.",Platinum,230,28.05,258.05,Advances to Regional Round
08-1577,Colorado,Platinum,234,23.925,257.925,Does not advance
08-1552,New Mexico,Platinum,232,25.575,257.575,Advances to Regional Round
08-1348,Kansas,Platinum,227,30.525,257.525,Advances to Regional Round
08-2653,Pennsylvania,Platinum,240,17.325,257.325,Does not advance
08-2971,Virginia,Platinum,228,28.875,256.875,Does not advance
08-1857,Delaware,Platinum,232,24.75,256.75,Advances to Regional Round
08-1542,California,Platinum,234,22.55,256.55,Does not advance
08-2093,New Jersey,Platinum,235,21.45,256.45,Does not advance
08-0890,Alabama,Platinum,228,28.05,256.05,Does not advance
08-0732,Washington,Platinum,230,25.85,255.85,Does not advance
08-1343,Maryland,Platinum,231,24.75,255.75,Does not advance
08-2825,California,Platinum,230,25.575,255.575,Does not advance
08-0740,Maryland,Platinum,229,26.4,255.4,Does not advance
08-0846,Texas,Platinum,229,26.4,255.4,Does not advance
08-0179,Texas,Platinum,232,23.1,255.1,Does not advance
08-0553,Texas,Platinum,246,9.075,255.075,Does not advance
08-2332,Virginia,Platinum,231,23.925,254.925,Does not advance
08-0281,California,Platinum,234,19.8,253.8,Does not advance
08-0048,Oklahoma,Platinum,234,19.8,253.8,Does not advance
08-1451,Virginia,Platinum,229,24.75,253.75,Does not advance
08-2927,Pennsylvania,Platinum,228,25.575,253.575,Does not advance
08-0125,Washington,Platinum,230,23.1,253.1,Does not advance
08-0193,Ohio,Platinum,225,28.05,253.05,Does not advance
08-2646,Pennsylvania,Platinum,225,28.05,253.05,Does not advance
08-2460,Hawaii,Platinum,228,24.75,252.75,Does not advance
08-0099,Pennsylvania,Platinum,231,21.45,252.45,Does not advance
08-2857,AP,Platinum,221,31.35,252.35,Advances to Regional Round
08-2205,California,Platinum,234,18.15,252.15,Does not advance
08-3147,Florida,Platinum,233,18.975,251.975,Does not advance
08-2577,California,Platinum,222,29.7,251.7,Does not advance
08-1833,Virginia,Platinum,233,18.15,251.15,Does not advance
08-1678,Maine,Platinum,223,28.05,251.05,Advances to Regional Round
08-1898,Massachusetts,Platinum,223,28.05,251.05,Does not advance
08-1940,South Carolina,Platinum,221,29.7,250.7,Does not advance
08-2067,Maryland,Platinum,224,26.4,250.4,Does not advance
08-1703,Tennessee,Platinum,225,24.75,249.75,Does not advance
08-0884,Texas,Platinum,225,24.75,249.75,Does not advance
08-0801,Washington,Platinum,225,24.75,249.75,Does not advance
08-0372,Virginia,Platinum,224,25.575,249.575,Does not advance
08-0334,Virginia,Platinum,221,28.05,249.05,Does not advance
08-3036,Maryland,Platinum,224,24.75,248.75,Does not advance
08-2738,Colorado,Platinum,223,25.575,248.575,Does not advance
08-1065,Texas,Platinum,221,27.225,248.225,Does not advance
08-0720,Florida,Platinum,226,21.45,247.45,Does not advance
08-0666,Montana,Platinum,220,27.225,247.225,Advances to Regional Round
08-2580,California,Platinum,228,18.975,246.975,Does not advance
08-2159,Maryland,Platinum,228,18.975,246.975,Does not advance
08-2962,Virginia,Platinum,231,15.95,246.95,Does not advance
08-0508,North Carolina,Platinum,223,23.925,246.925,Advances to Regional Round
08-1149,Alabama,Platinum,218,28.05,246.05,Does not advance
08-0395,Colorado,Platinum,218,28.05,246.05,Does not advance
08-2974,Colorado,Platinum,218,28.05,246.05,Does not advance
08-0437,California,Platinum,224,21.45,245.45,Does not advance
08-3425,Alabama,Platinum,217,28.05,245.05,Does not advance
08-2627,Nevada,Platinum,212,33,245,Does not advance
08-0343,Virginia,Platinum,216,28.875,244.875,Does not advance
08-2650,Pennsylvania,Platinum,225,18.975,243.975,Does not advance
08-2687,Canada,Platinum,225,18.15,243.15,Does not advance
08-3477,California,Platinum,215,28.05,243.05,Does not advance
08-1502,Alabama,Platinum,217,25.575,242.575,Does not advance
08-1916,Virginia,Platinum,217,25.575,242.575,Does not advance
08-2651,Pennsylvania,Platinum,223,18.975,241.975,Does not advance
08-2573,Pennsylvania,Platinum,217,24.75,241.75,Does not advance
08-1055,Texas,Platinum,217,24.75,241.75,Does not advance
08-3222,Maryland,Platinum,212,29.7,241.7,Does not advance
08-1466,Ohio,Platinum,212,29.7,241.7,Does not advance
08-0743,California,Platinum,216,25.575,241.575,Does not advance
08-1054,Washington,Platinum,222,18.975,240.975,Does not advance
08-2458,California,Platinum,216,24.75,240.75,Does not advance
08-1890,Virginia,Platinum,215,25.575,240.575,Does not advance
08-0270,Louisiana,Platinum,219,21.45,240.45,Advances to Regional Round
08-0406,Virginia,Platinum,208,32.175,240.175,Does not advance
08-0049,Oklahoma,Platinum,222,18.15,240.15,Does not advance
08-1716,Michigan,Platinum,211,28.875,239.875,Advances to Regional Round
08-0848,Texas,Platinum,217,22.275,239.275,Does not advance
08-1366,Arizona ,Platinum,211,28.05,239.05,Advances to Regional Round
08-0518,New York,Platinum,209,29.7,238.7,Advances to Regional Round
08-0393,New Mexico,Platinum,217,21.45,238.45,Does not advance
08-2287,California,Platinum,220,18.15,238.15,Does not advance
08-2057,California,Platinum,211,26.4,237.4,Does not advance
08-1209,California,Platinum,218,18.975,236.975,Does not advance
08-0489,Hawaii,Platinum,213,23.925,236.925,Does not advance
08-1482,Michigan,Platinum,211,25.575,236.575,Advances to Regional Round
08-0390,New Mexico,Platinum,211,25.575,236.575,Does not advance
08-1426,Alabama,Platinum,214,22.275,236.275,Does not advance
08-2553,Massachusetts,Platinum,211,24.75,235.75,Does not advance
08-2559,Texas,Platinum,213,22.275,235.275,Does not advance
08-0342,Virginia,Platinum,204,29.7,233.7,Does not advance
08-2021,Texas,Platinum,204,28.875,232.875,Does not advance
08-1715,Michigan,Platinum,209,23.375,232.375,Does not advance
08-0509,North Carolina,Platinum,210,22.275,232.275,Advances to Regional Round
08-1278,Maine,Platinum,211,20.625,231.625,Does not advance
08-1420,California,Platinum,204,26.4,230.4,Does not advance
08-2574,Pennsylvania,Platinum,202,28.05,230.05,Does not advance
08-2417,California,Platinum,205,24.75,229.75,Does not advance
08-2929,Pennsylvania,Platinum,205,24.75,229.75,Does not advance
08-1727,Nebraska,Platinum,203,24.75,227.75,Advances to Regional Round
08-3349,Texas,Platinum,199,28.05,227.05,Does not advance
08-0786,Ohio,Platinum,198,28.05,226.05,Does not advance
08-0212,California,Platinum,197,28.875,225.875,Does not advance
08-1769,Texas,Platinum,200,25.575,225.575,Does not advance
08-0741,Maryland,Platinum,209,14.85,223.85,Does not advance
08-1196,California,Platinum,194,29.7,223.7,Does not advance
08-0779,Colorado,Platinum,193,30.525,223.525,Does not advance
08-3176,Illinois,Platinum,200,22.275,222.275,Advances to Regional Round
08-0938,Arkansas,Platinum,203,18.425,221.425,Advances to Regional Round
08-2977,Colorado,Platinum,204,17.325,221.325,Does not advance
08-2967,Virginia,Platinum,199,22.275,221.275,Does not advance
08-2645,Pennsylvania,Platinum,203,18.15,221.15,Does not advance
08-1901,Massachusetts,Platinum,195,25.575,220.575,Does not advance
08-0735,Connecticut,Platinum,195,24.75,219.75,Advances to Regional Round
08-1891,Virginia,Platinum,219,0,219,Does not advance
08-0319,Kansas,Platinum,199,19.8,218.8,Advances to Regional Round
08-0435,Texas,Platinum,202,15.675,217.675,Does not advance
08-0707,Hawaii,Platinum,213,0,213,Does not advance
08-2688,Canada,Platinum,201,10.725,211.725,Does not advance
08-0979,Virginia,Platinum,194,16.5,210.5,Does not advance
08-0581,Washington,Platinum,186,23.925,209.925,Does not advance
08-2477,Texas,Platinum,190,18.15,208.15,Does not advance
08-0774,Maryland,Platinum,179,24.75,203.75,Does not advance
08-1669,Oklahoma,Platinum,200,0,200,Does not advance
08-2957,Virginia,Platinum,176,15.95,191.95,Does not advance
08-2969,Virginia,Platinum,188,0,188,Does not advance
08-1357,Texas,Platinum,160,21.45,181.45,Does not advance
08-0262,California,Platinum,159,17.325,176.325,Does not advance
08-2706,Canada,Gold,277,24.75,301.75,Advances to Regional Round
08-0279,California,Gold,281,20.625,301.625,Advances to Regional Round
08-2891,California,Gold,267,29.7,296.7,Advances to Regional Round
08-1652,Alabama,Gold,262,33,295,Advances to Regional Round
08-1069,Texas,Gold,272,21.45,293.45,Advances to Regional Round
08-2008,Florida,Gold,265,23.925,288.925,Advances to Regional Round
08-0415,South Carolina,Gold,257,28.875,285.875,Advances to Regional Round
08-2759,Michigan,Gold,260,24.75,284.75,Advances to Regional Round
08-2005,Florida,Gold,272,12.65,284.65,Advances to Regional Round
08-2517,Utah,Gold,252,31.35,283.35,Advances to Regional Round
08-0277,California,Gold,256,23.925,279.925,Advances to Regional Round
08-0275,California,Gold,253,24.75,277.75,Advances to Regional Round
08-2130,New Jersey,Gold,252,25.575,277.575,Advances to Regional Round
08-1777,Nevada,Gold,246,30.525,276.525,Advances to Regional Round
08-0755,Michigan,Gold,255,20.625,275.625,Advances to Regional Round
08-3343,Florida,Gold,246,28.875,274.875,Advances to Regional Round
08-0616,California,Gold,252,22.825,274.825,Advances to Regional Round
08-3024,New York,Gold,253,21.45,274.45,Advances to Regional Round
08-2705,Canada,Gold,258,15.125,273.125,Advances to Regional Round
08-1693,Texas,Gold,244,28.875,272.875,Advances to Regional Round
08-2266,Florida,Gold,244,28.05,272.05,Advances to Regional Round
08-1868,Indiana,Gold,244,28.05,272.05,Advances to Regional Round
08-1459,Ohio,Gold,239,33,272,Advances to Regional Round
08-1441,California,Gold,248,23.925,271.925,Advances to Regional Round
08-0221,California,Gold,239,32.175,271.175,Advances to Regional Round
08-1692,Texas,Gold,247,23.925,270.925,Advances to Regional Round
08-1690,California,Gold,241,28.875,269.875,Advances to Regional Round
08-2727,Oklahoma,Gold,245,24.75,269.75,Advances to Regional Round
08-1089,Virginia,Gold,245,24.75,269.75,Advances to Regional Round
08-2463,Alabama,Gold,240,28.875,268.875,Advances to Regional Round
08-1129,Florida,Gold,243,25.575,268.575,Advances to Regional Round
08-1578,California,Gold,242,26.4,268.4,Advances to Regional Round
08-0780,Colorado,Gold,238,29.7,267.7,Advances to Regional Round
08-0758,Arizona ,Gold,242,25.575,267.575,Advances to Regional Round
08-0088,Indiana,Gold,240,27.225,267.225,Advances to Regional Round
08-1827,Alabama,Gold,238,28.875,266.875,Advances to Regional Round
08-2981,Virginia,Gold,238,28.875,266.875,Advances to Regional Round
08-0624,Virginia,Gold,237,29.7,266.7,Advances to Regional Round
08-0137,Florida,Gold,238,28.05,266.05,Advances to Regional Round
08-1390,Indiana,Gold,238,28.05,266.05,Advances to Regional Round
08-1944,Alabama,Gold,233,33,266,Advances to Regional Round
08-2147,Florida,Gold,236,28.875,264.875,Advances to Regional Round
08-0044,Washington,Gold,240,23.925,263.925,Advances to Regional Round
08-2451,California,Gold,242,21.45,263.45,Advances to Regional Round
08-2756,Michigan,Gold,242,21.45,263.45,Advances to Regional Round
08-0278,California,Gold,235,28.05,263.05,Advances to Regional Round
08-0187,New York,Gold,235,28.05,263.05,Advances to Regional Round
08-0597,Virginia,Gold,237,25.575,262.575,Advances to Regional Round
08-2244,California,Gold,236,26.4,262.4,Advances to Regional Round
08-2715,Virginia,Gold,231,31.35,262.35,Advances to Regional Round
08-1962,Texas,Gold,236,25.575,261.575,Advances to Regional Round
08-1161,Colorado,Gold,238,23.375,261.375,Advances to Regional Round
08-0897,California,Gold,235,25.575,260.575,Advances to Regional Round
08-0163,South Carolina,Gold,239,21.45,260.45,Advances to Regional Round
08-2385,Texas,Gold,232,28.05,260.05,Advances to Regional Round
08-1847,Virginia,Gold,245,14.85,259.85,Advances to Regional Round
08-0332,Louisiana,Gold,230,29.7,259.7,Advances to Regional Round
08-2582,California,Gold,234,25.575,259.575,Advances to Regional Round
08-1942,South Carolina,Gold,240,18.975,258.975,Advances to Regional Round
08-0729,Washington,Gold,240,18.975,258.975,Advances to Regional Round
08-0472,South Carolina,Gold,235,23.925,258.925,Advances to Regional Round
08-0816,Indiana,Gold,243,15.675,258.675,Advances to Regional Round
08-0207,California,Gold,238,20.625,258.625,Advances to Regional Round
08-1766,North Carolina,Gold,227,31.35,258.35,Advances to Regional Round
08-0371,Tennessee,Gold,226,32.175,258.175,Advances to Regional Round
08-2910,Virginia,Gold,230,28.05,258.05,Advances to Regional Round
08-1333,Maryland,Gold,228,29.7,257.7,Advances to Regional Round
08-0412,Virginia,Gold,231,26.4,257.4,Advances to Regional Round
08-2587,California,Gold,229,28.05,257.05,Advances to Regional Round
08-2267,Florida,Gold,229,28.05,257.05,Advances to Regional Round
08-0603,California,Gold,233,23.925,256.925,Advances to Regional Round
08-0397,Virginia,Gold,232,24.75,256.75,Advances to Regional Round
08-2821,New York,Gold,226,30.525,256.525,Advances to Regional Round
08-1018,Florida,Gold,238,18.15,256.15,Advances to Regional Round
08-1480,Ohio,Gold,228,28.05,256.05,Advances to Regional Round
08-0943,Maryland,Gold,227,28.875,255.875,Advances to Regional Round
08-1914,Montana,Gold,235,20.625,255.625,Advances to Regional Round
08-2449,California,Gold,234,21.45,255.45,Advances to Regional Round
08-0012,Colorado,Gold,224,31.35,255.35,Advances to Regional Round
08-0551,Illinois,Gold,233,22.275,255.275,Advances to Regional Round
08-0534,South Carolina,Gold,227,28.05,255.05,Advances to Regional Round
08-0282,California,Gold,230,24.75,254.75,Advances to Regional Round
08-1788,New Jersey,Gold,230,24.75,254.75,Advances to Regional Round
08-2338,California,Gold,229,25.575,254.575,Advances to Regional Round
08-0617,Indiana,Gold,229,25.575,254.575,Advances to Regional Round
08-3366,California,Gold,236,18.15,254.15,Advances to Regional Round
08-0321,Kansas,Gold,225,28.875,253.875,Advances to Regional Round
08-2228,California,Gold,232,21.725,253.725,Does not advance
08-1919,Virginia,Gold,224,29.7,253.7,Advances to Regional Round
08-1734,Indiana,Gold,228,25.575,253.575,Advances to Regional Round
08-3312,Arizona ,Gold,231,22.55,253.55,Advances to Regional Round
08-0916,Utah,Gold,242,11.55,253.55,Advances to Regional Round
08-2755,Michigan,Gold,232,21.45,253.45,Advances to Regional Round
08-2167,Maine,Gold,227,26.4,253.4,Advances to Regional Round
08-3014,Alabama,Gold,220,33,253,Does not advance
08-2507,Texas,Gold,223,29.7,252.7,Advances to Regional Round
08-1269,Minnesota,Gold,226,26.675,252.675,Advances to Regional Round
08-1837,Alabama,Gold,231,21.45,252.45,Does not advance
08-1784,Virginia,Gold,231,21.45,252.45,Advances to Regional Round
08-0240,Rhode Island,Gold,226,26.4,252.4,Advances to Regional Round
08-2090,New Jersey,Gold,224,28.05,252.05,Advances to Regional Round
08-2785,California,Gold,228,23.925,251.925,Does not advance
08-1327,Colorado,Gold,230,21.45,251.45,Does not advance
08-1721,Oklahoma,Gold,219,32.175,251.175,Advances to Regional Round
08-2717,Virginia,Gold,219,32.175,251.175,Does not advance
08-0892,Virginia,Gold,228,23.1,251.1,Advances to Regional Round
08-2096,Maryland,Gold,223,28.05,251.05,Advances to Regional Round
08-3059,California,Gold,218,33,251,Does not advance
08-0214,Indiana,Gold,218,33,251,Does not advance
08-0568,Texas,Gold,222,28.875,250.875,Does not advance
08-2608,California,Gold,226,24.75,250.75,Does not advance
08-2886,Ohio,Gold,226,24.75,250.75,Advances to Regional Round
08-0880,Rhode Island,Gold,226,24.75,250.75,Advances to Regional Round
08-2106,California,Gold,230,20.625,250.625,Does not advance
08-2999,Florida,Gold,225,25.575,250.575,Does not advance
08-2490,Michigan,Gold,225,25.575,250.575,Does not advance
08-2515,Virginia,Gold,225,25.575,250.575,Advances to Regional Round
08-2187,Colorado,Gold,229,21.45,250.45,Does not advance
08-1810,Delaware,Gold,229,21.45,250.45,Advances to Regional Round
08-0103,Texas,Gold,229,21.45,250.45,Does not advance
08-1404,Texas,Gold,228,22.275,250.275,Does not advance
08-0004,Colorado,Gold,223,27.225,250.225,Advances to Regional Round
08-1599,Pennsylvania,Gold,223,27.225,250.225,Advances to Regional Round
08-2792,California,Gold,222,28.05,250.05,Does not advance
08-1745,Maryland,Gold,222,28.05,250.05,Does not advance
08-1389,Indiana,Gold,221,28.875,249.875,Does not advance
08-1120,Connecticut,Gold,228,21.45,249.45,Advances to Regional Round
08-0769,Colorado,Gold,223,26.4,249.4,Does not advance
08-1036,New Jersey,Gold,227,22.275,249.275,Advances to Regional Round
08-0527,Massachusetts,Gold,222,27.225,249.225,Advances to Regional Round
08-0750,Nebraska,Gold,222,27.225,249.225,Advances to Regional Round
08-2970,California,Gold,217,32.175,249.175,Does not advance
08-0481,Florida,Gold,217,32.175,249.175,Does not advance
08-2049,South Carolina,Gold,231,18.15,249.15,Does not advance
08-2642,Kansas,Gold,216,33,249,Advances to Regional Round
08-0754,South Carolina,Gold,224,24.75,248.75,Does not advance
08-2586,Virginia,Gold,224,24.75,248.75,Advances to Regional Round
08-2193,Washington,Gold,224,24.75,248.75,Advances to Regional Round
08-1900,Massachusetts,Gold,219,29.7,248.7,Advances to Regional Round
08-0620,Tennessee,Gold,222,26.675,248.675,Advances to Regional Round
08-2658,Oklahoma,Gold,226,22.275,248.275,Advances to Regional Round
08-2593,Maryland,Gold,216,32.175,248.175,Advances to Regional Round
08-2366,Massachusetts,Gold,227,20.625,247.625,Advances to Regional Round
08-0138,Florida,Gold,222,25.575,247.575,Does not advance
08-1288,Colorado,Gold,221,26.4,247.4,Does not advance
08-0487,California,Gold,222,24.75,246.75,Does not advance
08-1427,Florida,Gold,233,13.75,246.75,Does not advance
08-1913,Montana,Gold,222,24.75,246.75,Advances to Regional Round
08-1811,Delaware,Gold,221,25.575,246.575,Advances to Regional Round
08-2273,Alabama,Gold,224,22.275,246.275,Advances to Regional Round
08-2191,Washington,Gold,224,22.275,246.275,Does not advance
08-2931,Pennsylvania,Gold,218,28.05,246.05,Advances to Regional Round
08-0939,Arkansas,Gold,216,29.7,245.7,Advances to Regional Round
08-2344,New York,Gold,216,29.7,245.7,Does not advance
08-0367,Virginia,Gold,224,21.45,245.45,Does not advance
08-0387,Louisiana,Gold,219,26.4,245.4,Advances to Regional Round
08-1835,Alabama,Gold,214,31.35,245.35,Does not advance
08-2328,California,Gold,223,22.275,245.275,Does not advance
08-2406,Rhode Island,Gold,229,15.95,244.95,Advances to Regional Round
08-2249,New York,Gold,223,21.45,244.45,Does not advance
08-1311,New York,Gold,218,26.4,244.4,Does not advance
08-3170,North Carolina,Gold,218,26.4,244.4,Advances to Regional Round
08-1563,Pennsylvania,Gold,216,28.05,244.05,Advances to Regional Round
08-2798,Colorado,Gold,218,25.575,243.575,Does not advance
08-1930,Louisiana,Gold,217,26.4,243.4,Advances to Regional Round
08-0888,Texas,Gold,217,26.4,243.4,Does not advance
08-0781,Colorado,Gold,226,17.325,243.325,Advances to Regional Round
08-3044,Arizona ,Gold,211,32.175,243.175,Advances to Regional Round
08-3413,Virginia,Gold,210,33,243,Does not advance
08-3302,"Washington, D.C.",Gold,219,23.925,242.925,Advances to Regional Round
08-2369,Indiana,Gold,214,28.875,242.875,Does not advance
08-2006,Florida,Gold,226,16.5,242.5,Does not advance
08-1078,South Carolina,Gold,216,26.4,242.4,Does not advance
08-1590,Colorado,Gold,219,23.375,242.375,Does not advance
08-1500,Texas,Gold,215,27.225,242.225,Does not advance
08-1501,Kansas,Gold,222,19.25,241.25,Advances to Regional Round
08-0737,Montana,Gold,213,28.05,241.05,Advances to Regional Round
08-0316,California,Gold,216,24.75,240.75,Does not advance
08-2258,California,Gold,211,29.7,240.7,Does not advance
08-3134,California,Gold,219,21.45,240.45,Does not advance
08-2581,California,Gold,214,26.4,240.4,Does not advance
08-2966,Virginia,Gold,217,23.1,240.1,Does not advance
08-1315,Alabama,Gold,212,28.05,240.05,Does not advance
08-0208,Indiana,Gold,207,33,240,Does not advance
08-2484,Maryland,Gold,240,0,240,Does not advance
08-2485,Maryland,Gold,240,0,240,Does not advance
08-3035,Maryland,Gold,240,0,240,Does not advance
08-0681,California,Gold,211,28.875,239.875,Does not advance
08-2455,Maryland,Gold,211,28.875,239.875,Advances to Regional Round
08-1354,Alabama,Gold,215,24.75,239.75,Does not advance
08-0248,Florida,Gold,214,25.575,239.575,Does not advance
08-2828,Colorado,Gold,218,21.45,239.45,Does not advance
08-0963,Arizona ,Gold,212,27.225,239.225,Does not advance
08-3364,California,Gold,212,27.225,239.225,Does not advance
08-0999,Nevada,Gold,210,28.875,238.875,Advances to Regional Round
08-0784,Oklahoma,Gold,224,14.85,238.85,Advances to Regional Round
08-2693,Colorado,Gold,217,21.45,238.45,Does not advance
08-1824,Ohio,Gold,217,21.45,238.45,Does not advance
08-2912,Virginia,Gold,216,22.275,238.275,Does not advance
08-0005,Colorado,Gold,230,8.25,238.25,Does not advance
08-2078,California,Gold,220,18.15,238.15,Does not advance
08-0136,California,Gold,210,28.05,238.05,Does not advance
08-3256,California,Gold,224,14.025,238.025,Does not advance
08-1786,Virginia,Gold,219,18.975,237.975,Does not advance
08-2079,California,Gold,213,24.75,237.75,Does not advance
08-0671,Connecticut,Gold,222,15.675,237.675,Advances to Regional Round
08-2171,Michigan,Gold,215,22.55,237.55,Does not advance
08-0605,California,Gold,211,26.4,237.4,Does not advance
08-2325,North Carolina,Gold,206,31.35,237.35,Advances to Regional Round
08-0587,Canada,Gold,221,15.95,236.95,Advances to Regional Round
08-1454,Virginia,Gold,212,24.75,236.75,Does not advance
08-1452,Virginia,Gold,207,29.7,236.7,Does not advance
08-0751,Nebraska,Gold,216,20.625,236.625,Advances to Regional Round
08-1775,Florida,Gold,205,31.35,236.35,Does not advance
08-1272,Alabama,Gold,208,28.05,236.05,Does not advance
08-2784,California,Gold,208,28.05,236.05,Does not advance
08-1410,Colorado,Gold,208,28.05,236.05,Does not advance
08-2086,Virginia,Gold,203,33,236,Does not advance
08-0386,Florida,Gold,214,21.45,235.45,Does not advance
08-0233,Indiana,Gold,213,22.275,235.275,Does not advance
08-2832,Texas,Gold,225,10.175,235.175,Does not advance
08-1573,Texas,Gold,207,28.05,235.05,Does not advance
08-2536,Canada,Gold,235,0,235,Does not advance
08-0672,Connecticut,Gold,223,11.55,234.55,Advances to Regional Round
08-2952,Texas,Gold,212,22.55,234.55,Does not advance
08-0141,Ohio,Gold,213,21.45,234.45,Does not advance
08-0643,Ohio,Gold,213,21.45,234.45,Does not advance
08-1939,South Carolina,Gold,234,0,234,Does not advance
08-1595,Oklahoma,Gold,209,24.75,233.75,Advances to Regional Round
08-1337,Texas,Gold,209,24.75,233.75,Does not advance
08-1878,Texas,Gold,209,24.75,233.75,Does not advance
08-0571,Texas,Gold,208,25.575,233.575,Does not advance
08-2122,AP,Gold,214,18.975,232.975,Advances to Regional Round
08-0042,Indiana,Gold,214,18.975,232.975,Does not advance
08-2375,Texas,Gold,207,25.575,232.575,Does not advance
08-0127,Texas,Gold,211,21.45,232.45,Does not advance
08-0980,Virginia,Gold,205,27.225,232.225,Does not advance
08-0907,Canada,Gold,204,28.05,232.05,Does not advance
08-1540,Vermont,Gold,208,23.925,231.925,Advances to Regional Round
08-0515,Virginia,Gold,207,24.75,231.75,Does not advance
08-2502,Illinois,Gold,201,30.525,231.525,Advances to Regional Round
08-2153,Virginia,Gold,210,21.45,231.45,Does not advance
08-2702,California,Gold,200,31.35,231.35,Does not advance
08-2742,Virginia,Gold,213,18.15,231.15,Does not advance
08-0770,Pennsylvania,Gold,203,28.05,231.05,Does not advance
08-0241,Montana,Gold,212,18.975,230.975,Does not advance
08-0101,California,Gold,202,28.875,230.875,Does not advance
08-1928,Maryland,Gold,207,23.375,230.375,Does not advance
08-1225,South Carolina,Gold,202,28.05,230.05,Does not advance
08-2345,Rhode Island,Gold,230,0,230,Advances to Regional Round
08-2087,New Jersey,Gold,201,28.875,229.875,Does not advance
08-0629,Virginia,Gold,197,32.175,229.175,Does not advance
08-2594,Michigan,Gold,201,28.05,229.05,Does not advance
08-1224,Arkansas,Gold,210,18.975,228.975,Advances to Regional Round
08-0872,California,Gold,200,28.875,228.875,Does not advance
08-2384,Texas,Gold,213,15.675,228.675,Does not advance
08-3054,California,Gold,203,25.575,228.575,Does not advance
08-2265,Utah,Gold,203,25.575,228.575,Advances to Regional Round
08-1719,North Carolina,Gold,207,21.45,228.45,Does not advance
08-2948,Texas,Gold,207,21.45,228.45,Does not advance
08-3368,Idaho,Gold,219,9.075,228.075,Advances to Regional Round
08-0089,Maryland,Gold,228,0,228,Does not advance
08-1084,Indiana,Gold,213,14.85,227.85,Does not advance
08-0911,Canada,Gold,207,20.625,227.625,Does not advance
08-1782,Texas,Gold,207,20.625,227.625,Does not advance
08-0682,California,Gold,206,21.45,227.45,Does not advance
08-1633,Vermont,Gold,206,21.45,227.45,Advances to Regional Round
08-1751,Louisiana,Gold,201,26.4,227.4,Does not advance
08-1518,California,Gold,219,8.25,227.25,Does not advance
08-0432,California,Gold,200,27.225,227.225,Does not advance
08-0824,Hawaii,Gold,213,14.025,227.025,Advances to Regional Round
08-0109,California,Gold,198,28.875,226.875,Does not advance
08-0400,California,Gold,202,24.75,226.75,Does not advance
08-0747,Maryland,Gold,202,24.75,226.75,Does not advance
08-1704,Virginia,Gold,202,24.75,226.75,Does not advance
08-1679,Maine,Gold,205,21.45,226.45,Advances to Regional Round
08-2076,Rhode Island,Gold,198,28.05,226.05,Does not advance
08-3296,"Washington, D.C.",Gold,198,28.05,226.05,Advances to Regional Round
08-1255,Delaware,Gold,203,22.275,225.275,Advances to Regional Round
08-2001,Maryland,Gold,197,28.05,225.05,Does not advance
08-2128,California,Gold,199,25.575,224.575,Does not advance
08-0987,Texas,Gold,198,26.4,224.4,Does not advance
08-0642,Ohio,Gold,193,31.35,224.35,Does not advance
08-1787,New Jersey,Gold,207,17.325,224.325,Does not advance
08-0803,Washington,Gold,207,17.325,224.325,Does not advance
08-3228,Maryland,Gold,197,27.225,224.225,Does not advance
08-2743,Virginia,Gold,204,20.075,224.075,Does not advance
08-2326,California,Gold,205,18.975,223.975,Does not advance
08-1461,South Carolina,Gold,201,22.55,223.55,Does not advance
08-0345,Virginia,Gold,202,21.45,223.45,Does not advance
08-2335,Missouri,Gold,205,18.15,223.15,Advances to Regional Round
08-1718,Michigan,Gold,209,14.025,223.025,Does not advance
08-1498,Texas,Gold,199,23.925,222.925,Does not advance
08-1499,Texas,Gold,199,23.925,222.925,Does not advance
08-0249,Florida,Gold,208,14.85,222.85,Does not advance
08-0612,Colorado,Gold,202,20.625,222.625,Does not advance
08-0906,California,Gold,195,27.225,222.225,Does not advance
08-1817,New Jersey,Gold,194,28.05,222.05,Does not advance
08-0506,Kansas,Gold,192,29.7,221.7,Does not advance
08-2633,California,Gold,199,22.275,221.275,Does not advance
08-0900,Tennessee,Gold,198,23.1,221.1,Advances to Regional Round
08-2217,Virginia,Gold,221,0,221,Does not advance
08-1387,Maryland,Gold,206,14.85,220.85,Does not advance
08-1463,Montana,Gold,195,25.85,220.85,Does not advance
08-2376,Texas,Gold,204,16.775,220.775,Does not advance
08-2368,Massachusetts,Gold,189,31.35,220.35,Does not advance
08-1237,Georgia,Gold,203,17.325,220.325,Advances to Regional Round
08-2674,Oklahoma,Gold,198,22.275,220.275,Does not advance
08-3167,Illinois,Gold,202,18.15,220.15,Advances to Regional Round
08-3460,Wisconsin,Gold,197,22.55,219.55,Advances to Regional Round
08-1037,New Jersey,Gold,198,21.45,219.45,Does not advance
08-2643,Pennsylvania,Gold,197,22.275,219.275,Does not advance
08-2201,Florida,Gold,192,27.225,219.225,Does not advance
08-0909,Canada,Gold,196,23.1,219.1,Does not advance
08-2264,Maryland,Gold,197,21.45,218.45,Does not advance
08-0988,California,Gold,203,14.85,217.85,Does not advance
08-0588,Canada,Gold,205,12.375,217.375,Does not advance
08-2119,Maryland,Gold,192,24.75,216.75,Does not advance
08-2641,Pennsylvania,Gold,192,24.75,216.75,Does not advance
08-0286,Connecticut,Gold,189,27.225,216.225,Advances to Regional Round
08-2256,California,Gold,198,18.15,216.15,Does not advance
08-1875,Colorado,Gold,192,23.925,215.925,Does not advance
08-0423,California,Gold,194,21.45,215.45,Does not advance
08-1701,Tennessee,Gold,189,26.4,215.4,Does not advance
08-0520,Virginia,Gold,198,17.325,215.325,Does not advance
08-2644,Pennsylvania,Gold,193,22.275,215.275,Does not advance
08-1057,Texas,Gold,197,18.15,215.15,Does not advance
08-2247,Washington,Gold,197,18.15,215.15,Does not advance
08-0871,Arkansas,Gold,201,14.025,215.025,Advances to Regional Round
08-2131,California,Gold,191,23.925,214.925,Does not advance
08-3172,Illinois,Gold,200,14.85,214.85,Advances to Regional Round
08-0895,Washington,Gold,204,10.725,214.725,Does not advance
08-2571,Pennsylvania,Gold,193,21.45,214.45,Does not advance
08-0255,Alabama,Gold,192,22.275,214.275,Does not advance
08-2700,Minnesota,Gold,196,18.15,214.15,Advances to Regional Round
08-3048,Washington,Gold,196,18.15,214.15,Does not advance
08-2987,Maryland,Gold,191,23.1,214.1,Does not advance
08-1619,Virginia,Gold,189,24.75,213.75,Does not advance
08-1651,California,Gold,182,31.35,213.35,Does not advance
08-2783,California,Gold,186,27.225,213.225,Does not advance
08-3132,California,Gold,195,18.15,213.15,Does not advance
08-1879,Texas,Gold,195,18.15,213.15,Does not advance
08-2609,California,Gold,185,28.05,213.05,Does not advance
08-2387,Texas,Gold,187,25.575,212.575,Does not advance
08-2537,Canada,Gold,212,0,212,Does not advance
08-2308,Texas,Gold,212,0,212,Does not advance
08-0833,Ohio,Gold,187,24.75,211.75,Does not advance
08-2842,Maryland,Gold,189,22.275,211.275,Does not advance
08-3315,Iowa,Gold,187,23.925,210.925,Advances to Regional Round
08-0599,Connecticut,Gold,186,24.75,210.75,Does not advance
08-2689,Nebraska,Gold,192,18.15,210.15,Advances to Regional Round
08-0391,New Mexico,Gold,191,18.975,209.975,Advances to Regional Round
08-2307,North Carolina,Gold,189,20.625,209.625,Does not advance
08-1388,Indiana,Gold,184,25.575,209.575,Does not advance
08-2389,Texas,Gold,183,26.4,209.4,Does not advance
08-0139,Florida,Gold,192,17.325,209.325,Does not advance
08-1570,Maryland,Gold,190,18.975,208.975,Does not advance
08-1574,Texas,Gold,184,24.75,208.75,Does not advance
08-2467,California,Gold,187,21.45,208.45,Does not advance
08-1926,California,Gold,208,0,208,Does not advance
08-1208,Texas,Gold,208,0,208,Does not advance
08-2741,Florida,Gold,193,14.85,207.85,Does not advance
08-0276,California,Gold,187,20.625,207.625,Does not advance
08-0091,Hawaii,Gold,185,22.275,207.275,Advances to Regional Round
08-0745,California,Gold,192,14.85,206.85,Does not advance
08-1091,Virginia,Gold,182,24.75,206.75,Does not advance
08-1543,Ohio,Gold,181,25.575,206.575,Does not advance
08-1056,Texas,Gold,181,25.575,206.575,Does not advance
08-2735,Louisiana,Gold,180,26.4,206.4,Does not advance
08-2883,California,Gold,206,0,206,Does not advance
08-0250,Texas,Gold,206,0,206,Does not advance
08-3475,Rhode Island,Gold,187,18.15,205.15,Does not advance
08-0705,Ohio,Gold,194,10.725,204.725,Does not advance
08-1937,South Carolina,Gold,184,20.625,204.625,Does not advance
08-1453,Virginia,Gold,183,21.45,204.45,Does not advance
08-1455,Arizona ,Gold,177,27.225,204.225,Does not advance
08-1386,Maryland,Gold,176,28.05,204.05,Does not advance
08-2704,Canada,Gold,190,14.025,204.025,Does not advance
08-3309,Iowa,Gold,172,31.35,203.35,Advances to Regional Round
08-1728,Nebraska,Gold,185,18.15,203.15,Advances to Regional Round
08-1702,Tennessee,Gold,179,23.925,202.925,Does not advance
08-2160,Maryland,Gold,192,10.175,202.175,Does not advance
08-0557,California,Gold,187,15.125,202.125,Does not advance
08-0891,Virginia,Gold,202,0,202,Does not advance
08-3032,California,Gold,183,18.975,201.975,Does not advance
08-2826,New York,Gold,181,20.625,201.625,Does not advance
08-1238,Ohio,Gold,180,21.45,201.45,Does not advance
08-3186,California,Gold,182,18.975,200.975,Does not advance
08-2276,Canada,Gold,189,11.55,200.55,Does not advance
08-0320,Kansas,Gold,178,22.55,200.55,Does not advance
08-0903,Tennessee,Gold,174,26.4,200.4,Does not advance
08-3047,Arizona ,Gold,182,18.15,200.15,Does not advance
08-0023,Oklahoma,Gold,200,0,200,Does not advance
08-0655,Florida,Gold,181,18.975,199.975,Does not advance
08-2887,Virginia,Gold,199,0,199,Does not advance
08-2960,Virginia,Gold,199,0,199,Does not advance
08-1864,Florida,Gold,178,20.625,198.625,Does not advance
08-1319,Texas,Gold,177,21.45,198.45,Does not advance
08-0806,California,Gold,183,15.125,198.125,Does not advance
08-1073,Texas,Gold,198,0,198,Does not advance
08-3045,Arizona ,Gold,172,25.575,197.575,Does not advance
08-3039,Delaware,Gold,178,18.425,196.425,Does not advance
08-2794,North Carolina,Gold,181,15.125,196.125,Does not advance
08-2848,Texas,Gold,196,0,196,Does not advance
08-3333,California,Gold,179,16.775,195.775,Does not advance
08-1991,Maryland,Gold,171,24.75,195.75,Does not advance
08-2787,Alabama,Gold,174,21.45,195.45,Does not advance
08-2921,Alabama,Gold,183,12.375,195.375,Does not advance
08-1533,California,Gold,169,25.85,194.85,Does not advance
08-2739,Colorado,Gold,165,29.7,194.7,Does not advance
08-2115,Ohio,Gold,169,25.575,194.575,Does not advance
08-3168,Florida,Gold,173,21.45,194.45,Does not advance
08-0427,Nebraska,Gold,194,0,194,Does not advance
08-3010,Wisconsin,Gold,178,15.95,193.95,Advances to Regional Round
08-2138,Oregon,Gold,172,21.45,193.45,Advances to Regional Round
08-0043,Washington,Gold,172,21.45,193.45,Does not advance
08-0636,California,Gold,193,0,193,Does not advance
08-2188,California,Gold,193,0,193,Does not advance
08-2061,Washington,Gold,178,14.85,192.85,Does not advance
08-0667,Maryland,Gold,173,19.25,192.25,Does not advance
08-2203,California,Gold,192,0,192,Does not advance
08-1032,Ohio,Gold,171,20.625,191.625,Does not advance
08-3293,Texas,Gold,172,19.25,191.25,Does not advance
08-2501,Illinois,Gold,164,26.4,190.4,Does not advance
08-1888,California,Gold,190,0,190,Does not advance
08-2841,Maryland,Gold,165,24.75,189.75,Does not advance
08-2165,Maine,Gold,168,21.45,189.45,Advances to Regional Round
08-1685,Texas,Gold,166,23.1,189.1,Does not advance
08-3084,Texas,Gold,189,0,189,Does not advance
08-0306,Hawaii,Gold,188,0,188,Advances to Regional Round
08-1717,Michigan,Gold,163,24.75,187.75,Does not advance
08-2367,Massachusetts,Gold,167,20.625,187.625,Does not advance
08-0280,California,Gold,163,23.925,186.925,Does not advance
08-1999,California,Gold,172,14.85,186.85,Does not advance
08-2543,Florida,Gold,160,26.4,186.4,Does not advance
08-0213,Indiana,Gold,164,22.275,186.275,Does not advance
08-3042,Arizona ,Gold,164,21.45,185.45,Does not advance
08-1223,Georgia,Gold,161,23.1,184.1,Advances to Regional Round
08-1906,Colorado,Gold,184,0,184,Does not advance
08-2083,Texas,Gold,183,0,183,Does not advance
08-2401,Virginia,Gold,183,0,183,Does not advance
08-1587,Texas,Gold,156,26.4,182.4,Does not advance
08-0542,Alaska,Gold,182,0,182,Advances to Regional Round
08-2062,Washington,Gold,182,0,182,Does not advance
08-3386,Hawaii,Gold,168,13.475,181.475,Does not advance
08-0532,North Carolina,Gold,179,0,179,Does not advance
08-0253,Texas,Gold,179,0,179,Does not advance
08-3210,Virginia,Gold,166,12.65,178.65,Does not advance
08-1320,Alabama,Gold,152,25.575,177.575,Does not advance
08-1768,Texas,Gold,177,0,177,Does not advance
08-2405,Virginia,Gold,177,0,177,Does not advance
08-3429,California,Gold,176,0,176,Does not advance
08-0254,Texas,Gold,176,0,176,Does not advance
08-1986,Washington,Gold,176,0,176,Does not advance
08-1952,Alabama,Gold,154,21.45,175.45,Does not advance
08-2022,Texas,Gold,174,0,174,Does not advance
08-2262,Texas,Gold,173,0,173,Does not advance
08-2275,Texas,Gold,173,0,173,Does not advance
08-3217,Virginia,Gold,173,0,173,Does not advance
08-0531,North Carolina,Gold,171,0,171,Does not advance
08-2340,Virginia,Gold,145,25.575,170.575,Does not advance
08-0847,Texas,Gold,148,22.55,170.55,Does not advance
08-1243,Texas,Gold,153,17.325,170.325,Does not advance
08-1193,Virginia,Gold,169,0,169,Does not advance
08-0176,Virginia,Gold,150,18.15,168.15,Does not advance
08-3357,Arizona ,Gold,167,0,167,Does not advance
08-0885,Virginia,Gold,157,9.9,166.9,Does not advance
08-1456,Arizona ,Gold,154,11.55,165.55,Does not advance
08-0251,Texas,Gold,165,0,165,Does not advance
08-2793,North Carolina,Gold,140,24.75,164.75,Does not advance
08-2098,Texas,Gold,137,27.225,164.225,Does not advance
08-2094,Virginia,Gold,164,0,164,Does not advance
08-0373,Washington,Gold,163,0,163,Does not advance
08-0706,Hawaii,Gold,148,14.025,162.025,Does not advance
08-1671,Texas,Gold,156,0,156,Does not advance
08-0596,California,Gold,155,0,155,Does not advance
08-2388,Virginia,Gold,153,0,153,Does not advance
08-1982,California,Gold,152,0,152,Does not advance
08-2817,California,Gold,152,0,152,Does not advance
08-0429,Nebraska,Gold,150,0,150,Does not advance
08-1121,Connecticut,Gold,123,24.75,147.75,Does not advance
08-0177,Virginia,Gold,126,20.625,146.625,Does not advance
08-2541,California,Gold,115,29.7,144.7,Does not advance
08-2516,Virginia,Gold,136,0,136,Does not advance
08-2027,California,Gold,130,0,130,Does not advance
08-2649,Pennsylvania,Gold,126,0,126,Does not advance
08-1421,California,Gold,102,0,102,Does not advance
08-0426,Nebraska,Gold,82,8.525,90.525,Does not advance
08-1175,Missouri,Gold,88,0,88,Advances to Regional Round
08-2492,Missouri,Gold,88,0,88,Advances to Regional Round
08-2494,Missouri,Gold,88,0,88,Does not advance
08-1658,Maryland,Gold,85,0,85,Does not advance
08-1674,Maryland,Silver,253,24.75,277.75,Advances to Regional Round
08-1481,California,Silver,239,27.225,266.225,Advances to Regional Round
08-2253,Florida,Silver,241,22.275,263.275,Advances to Regional Round
08-3046,Arizona ,Silver,233,29.7,262.7,Advances to Regional Round
08-1683,California,Silver,237,23.925,260.925,Advances to Regional Round
08-1505,Florida,Silver,232,28.875,260.875,Advances to Regional Round
08-2920,Alabama,Silver,235,24.75,259.75,Advances to Regional Round
08-0896,California,Silver,230,26.4,256.4,Advances to Regional Round
08-2092,Virginia,Silver,230,25.575,255.575,Advances to Regional Round
08-0418,South Carolina,Silver,237,18.15,255.15,Advances to Regional Round
08-1471,Arizona ,Silver,226,28.05,254.05,Advances to Regional Round
08-3016,California,Silver,229,23.925,252.925,Advances to Regional Round
08-2845,New Jersey,Silver,231,21.45,252.45,Advances to Regional Round
08-2487,Oklahoma,Silver,229,22.55,251.55,Advances to Regional Round
08-0126,Texas,Silver,226,24.75,250.75,Advances to Regional Round
08-0950,Oklahoma,Silver,221,28.05,249.05,Advances to Regional Round
08-2445,California,Silver,220,28.875,248.875,Advances to Regional Round
08-2323,Texas,Silver,221,27.225,248.225,Advances to Regional Round
08-1090,Virginia,Silver,218,29.7,247.7,Advances to Regional Round
08-1781,Nevada,Silver,217,28.05,245.05,Advances to Regional Round
08-2443,Florida,Silver,219,24.75,243.75,Advances to Regional Round
08-2889,Virginia,Silver,223,18.975,241.975,Advances to Regional Round
08-1435,Alabama,Silver,216,25.575,241.575,Advances to Regional Round
08-2868,California,Silver,223,18.15,241.15,Advances to Regional Round
08-0482,Florida,Silver,223,18.15,241.15,Advances to Regional Round
08-2869,California,Silver,241,0,241,Advances to Regional Round
08-2066,Maryland,Silver,226,14.85,240.85,Advances to Regional Round
08-3376,California,Silver,211,29.7,240.7,Advances to Regional Round
08-2588,Maryland,Silver,222,18.15,240.15,Advances to Regional Round
08-0402,California,Silver,215,24.75,239.75,Advances to Regional Round
08-2372,Michigan,Silver,214,25.575,239.575,Advances to Regional Round
08-0242,Rhode Island,Silver,210,28.875,238.875,Advances to Regional Round
08-1628,California,Silver,217,21.45,238.45,Advances to Regional Round
08-1083,Florida,Silver,217,21.45,238.45,Advances to Regional Round
08-2407,Massachusetts,Silver,217,21.45,238.45,Advances to Regional Round
08-3223,Virginia,Silver,220,16.775,236.775,Advances to Regional Round
08-0692,Canada,Silver,221,15.675,236.675,Advances to Regional Round
08-2745,Virginia,Silver,224,12.65,236.65,Advances to Regional Round
08-2579,South Carolina,Silver,213,23.1,236.1,Advances to Regional Round
08-3255,Florida,Silver,218,17.6,235.6,Advances to Regional Round
08-1850,California,Silver,235,0,235,Advances to Regional Round
08-3318,Utah,Silver,210,24.75,234.75,Advances to Regional Round
08-1860,Tennessee,Silver,209,24.75,233.75,Advances to Regional Round
08-0783,Oklahoma,Silver,218,15.675,233.675,Advances to Regional Round
08-0937,Arkansas,Silver,215,18.15,233.15,Advances to Regional Round
08-1756,Washington,Silver,213,18.975,231.975,Advances to Regional Round
08-1258,California,Silver,207,24.75,231.75,Advances to Regional Round
08-1989,Florida,Silver,201,30.525,231.525,Advances to Regional Round
08-2331,Maryland,Silver,216,15.125,231.125,Advances to Regional Round
08-1492,Georgia,Silver,211,20.075,231.075,Advances to Regional Round
08-3174,North Carolina,Silver,207,23.925,230.925,Advances to Regional Round
08-2896,Louisiana,Silver,209,21.45,230.45,Advances to Regional Round
08-3344,Florida,Silver,208,22.275,230.275,Advances to Regional Round
08-0504,California,Silver,230,0,230,Advances to Regional Round
08-3227,Virginia,Silver,210,19.8,229.8,Advances to Regional Round
08-1553,Virginia,Silver,203,26.4,229.4,Advances to Regional Round
08-1675,Maryland,Silver,207,21.725,228.725,Advances to Regional Round
08-1564,Pennsylvania,Silver,228,0,228,Advances to Regional Round
08-0455,Washington,Silver,211,16.775,227.775,Advances to Regional Round
08-1195,California,Silver,209,18.15,227.15,Advances to Regional Round
08-3476,South Carolina,Silver,203,23.1,226.1,Advances to Regional Round
08-1851,Hawaii,Silver,226,0,226,Advances to Regional Round
08-1294,Georgia,Silver,207,18.975,225.975,Advances to Regional Round
08-0368,Virginia,Silver,202,22.55,224.55,Advances to Regional Round
08-1917,Virginia,Silver,224,0,224,Advances to Regional Round
08-0256,Florida,Silver,194,28.875,222.875,Advances to Regional Round
08-2508,Virginia,Silver,203,19.8,222.8,Advances to Regional Round
08-0763,Maryland,Silver,193,29.7,222.7,Advances to Regional Round
08-2752,Rhode Island,Silver,201,20.625,221.625,Advances to Regional Round
08-2506,Virginia,Silver,200,21.45,221.45,Advances to Regional Round
08-2447,California,Silver,197,23.925,220.925,Advances to Regional Round
08-1997,California,Silver,202,18.425,220.425,Advances to Regional Round
08-2684,Nebraska,Silver,198,21.45,219.45,Advances to Regional Round
08-1866,Florida,Silver,193,26.4,219.4,Advances to Regional Round
08-1641,Arizona ,Silver,219,0,219,Advances to Regional Round
08-1058,Texas,Silver,203,15.675,218.675,Advances to Regional Round
08-3002,South Carolina,Silver,200,18.15,218.15,Advances to Regional Round
08-1907,California,Silver,218,0,218,Advances to Regional Round
08-3483,Alabama,Silver,206,11.55,217.55,Advances to Regional Round
08-3324,Washington,Silver,196,21.45,217.45,Advances to Regional Round
08-0746,Maryland,Silver,217,0,217,Advances to Regional Round
08-1672,Texas,Silver,217,0,217,Advances to Regional Round
08-2562,Alabama,Silver,193,23.1,216.1,Advances to Regional Round
08-3194,Maryland,Silver,216,0,216,Advances to Regional Round
08-3215,Kansas,Silver,195,19.25,214.25,Advances to Regional Round
08-0090,Maryland,Silver,214,0,214,Advances to Regional Round
08-2995,South Carolina,Silver,190,23.925,213.925,Advances to Regional Round
08-2753,Rhode Island,Silver,196,17.325,213.325,Advances to Regional Round
08-1593,Kansas,Silver,197,15.95,212.95,Advances to Regional Round
08-0928,Hawaii,Silver,212,0,212,Advances to Regional Round
08-1562,Iowa,Silver,212,0,212,Advances to Regional Round
08-2103,Hawaii,Silver,193,18.975,211.975,Advances to Regional Round
08-2907,North Carolina,Silver,195,15.675,210.675,Advances to Regional Round
08-0292,Oklahoma,Silver,177,33,210,Does not advance
08-0595,California,Silver,186,23.925,209.925,Does not advance
08-2230,Pennsylvania,Silver,184,24.75,208.75,Advances to Regional Round
08-0362,California,Silver,177,31.35,208.35,Does not advance
08-2713,Virginia,Silver,179,28.875,207.875,Does not advance
08-3455,California,Silver,193,14.85,207.85,Does not advance
08-0363,California,Silver,177,30.525,207.525,Does not advance
08-1547,California,Silver,189,18.15,207.15,Does not advance
08-0454,Canada,Silver,207,0,207,Advances to Regional Round
08-0625,New York,Silver,183,23.375,206.375,Advances to Regional Round
08-1165,Texas,Silver,188,18.15,206.15,Does not advance
08-2186,Iowa,Silver,206,0,206,Advances to Regional Round
08-0416,South Carolina,Silver,191,14.85,205.85,Does not advance
08-1538,California,Silver,185,20.625,205.625,Does not advance
08-1647,Texas,Silver,184,21.45,205.45,Does not advance
08-1812,Delaware,Silver,191,13.75,204.75,Advances to Regional Round
08-3339,California,Silver,184,20.075,204.075,Does not advance
08-1909,California,Silver,204,0,204,Does not advance
08-3269,Hawaii,Silver,204,0,204,Advances to Regional Round
08-3383,Virginia,Silver,185,18.975,203.975,Does not advance
08-1990,Maryland,Silver,180,23.925,203.925,Does not advance
08-2982,North Carolina,Silver,180,23.925,203.925,Advances to Regional Round
08-2744,Virginia,Silver,189,14.85,203.85,Does not advance
08-1760,California,Silver,179,24.75,203.75,Does not advance
08-2424,California,Silver,192,11.55,203.55,Does not advance
08-1070,Texas,Silver,183,20.075,203.075,Does not advance
08-0898,Oregon,Silver,181,21.45,202.45,Advances to Regional Round
08-2731,New York,Silver,184,18.15,202.15,Advances to Regional Round
08-3090,Maryland,Silver,202,0,202,Does not advance
08-2207,Washington,Silver,202,0,202,Does not advance
08-2691,Alabama,Silver,179,22.55,201.55,Does not advance
08-1682,California,Silver,201,0,201,Does not advance
08-0295,Oklahoma,Silver,201,0,201,Does not advance
08-0844,Oklahoma,Silver,201,0,201,Does not advance
08-1720,Maine,Silver,174,26.4,200.4,Advances to Regional Round
08-3241,Ohio,Silver,182,18.15,200.15,Advances to Regional Round
08-0749,Minnesota,Silver,177,23.1,200.1,Advances to Regional Round
08-2583,Maryland,Silver,186,14.025,200.025,Does not advance
08-0296,Oklahoma,Silver,200,0,200,Does not advance
08-2512,Virginia,Silver,200,0,200,Advances to Regional Round
08-1226,Texas,Silver,173,25.575,198.575,Does not advance
08-1802,Colorado,Silver,175,23.1,198.1,Advances to Regional Round
08-2572,Pennsylvania,Silver,176,21.45,197.45,Advances to Regional Round
08-1740,Texas,Silver,185,12.375,197.375,Does not advance
08-0293,Oklahoma,Silver,196,0,196,Does not advance
08-1790,Tennessee,Silver,195,0,195,Advances to Regional Round
08-2095,Virginia,Silver,195,0,195,Does not advance
08-3028,California,Silver,191,0,191,Does not advance
08-0929,Hawaii,Silver,191,0,191,Does not advance
08-2860,Hawaii,Silver,176,14.85,190.85,Does not advance
08-3328,Texas,Silver,175,15.675,190.675,Advances to Regional Round
08-0791,California,Silver,176,14.025,190.025,Does not advance
08-0843,Oklahoma,Silver,190,0,190,Does not advance
08-2200,North Carolina,Silver,161,28.875,189.875,Does not advance
08-2178,Florida,Silver,171,18.15,189.15,Does not advance
08-0850,Pennsylvania,Silver,165,23.925,188.925,Does not advance
08-3252,Texas,Silver,168,20.625,188.625,Does not advance
08-0945,Maryland,Silver,163,24.75,187.75,Does not advance
08-2423,California,Silver,162,25.575,187.575,Advances to Regional Round
08-1881,Texas,Silver,166,21.45,187.45,Does not advance
08-3272,New Jersey,Silver,169,18.425,187.425,Advances to Regional Round
08-0841,Oklahoma,Silver,187,0,187,Does not advance
08-2611,California,Silver,176,10.725,186.725,Does not advance
08-2796,North Carolina,Silver,165,21.45,186.45,Advances to Regional Round
08-3050,Utah,Silver,186,0,186,Advances to Regional Round
08-0457,Washington,Silver,186,0,186,Does not advance
08-3065,California,Silver,174,11.825,185.825,Does not advance
08-2789,Alabama,Silver,165,20.625,185.625,Does not advance
08-1861,California,Silver,154,31.35,185.35,Does not advance
08-2632,California,Silver,167,18.15,185.15,Does not advance
08-1783,Indiana,Silver,167,18.15,185.15,Advances to Regional Round
08-0788,Ohio,Silver,185,0,185,Advances to Regional Round
08-2550,California,Silver,155,28.875,183.875,Does not advance
08-3271,Hawaii,Silver,162,21.45,183.45,Does not advance
08-1958,Pennsylvania,Silver,167,15.95,182.95,Does not advance
08-0901,Tennessee,Silver,163,18.975,181.975,Advances to Regional Round
08-1539,California,Silver,170,11.825,181.825,Does not advance
08-1306,California,Silver,164,17.325,181.325,Does not advance
08-0252,Texas,Silver,180,0,180,Does not advance
08-3434,Texas,Silver,180,0,180,Does not advance
08-0842,Oklahoma,Silver,179,0,179,Does not advance
08-2511,Virginia,Silver,179,0,179,Does not advance
08-3292,Iowa,Silver,166,12.65,178.65,Advances to Regional Round
08-2863,Maryland,Silver,169,9.075,178.075,Does not advance
08-1681,Texas,Silver,163,14.85,177.85,Does not advance
08-0694,Canada,Silver,177,0,177,Advances to Regional Round
08-1512,Canada,Silver,177,0,177,Does not advance
08-3311,Iowa,Silver,177,0,177,Does not advance
08-0294,Oklahoma,Silver,177,0,177,Does not advance
08-2156,Virginia,Silver,148,28.875,176.875,Does not advance
08-2413,Utah,Silver,158,18.15,176.15,Advances to Regional Round
08-0923,Washington,Silver,176,0,176,Does not advance
08-1987,Washington,Silver,176,0,176,Does not advance
08-3310,Alabama,Silver,164,11.55,175.55,Does not advance
08-0178,Virginia,Silver,158,17.325,175.325,Does not advance
08-0725,Tennessee,Silver,152,21.45,173.45,Does not advance
08-2282,California,Silver,173,0,173,Does not advance
08-1649,Texas,Silver,172,0,172,Does not advance
08-1665,Maryland,Silver,156,15.95,171.95,Does not advance
08-0870,Arkansas,Silver,157,14.85,171.85,Advances to Regional Round
08-1826,Texas,Silver,150,21.45,171.45,Does not advance
08-2690,Alabama,Silver,164,6.05,170.05,Does not advance
08-1789,New Jersey,Silver,147,22.275,169.275,Advances to Regional Round
08-2564,Utah,Silver,153,14.85,167.85,Advances to Regional Round
08-2992,South Carolina,Silver,146,21.45,167.45,Does not advance
08-0845,Oklahoma,Silver,166,0,166,Does not advance
08-0691,Canada,Silver,146,18.15,164.15,Does not advance
08-0862,Pennsylvania,Silver,150,14.025,164.025,Does not advance
08-2894,Florida,Silver,148,15.675,163.675,Does not advance
08-2213,California,Silver,141,22.275,163.275,Does not advance
08-2790,Alabama,Silver,140,22.275,162.275,Does not advance
08-2566,Texas,Silver,162,0,162,Does not advance
08-0722,Tennessee,Silver,132,29.7,161.7,Does not advance
08-1276,Texas,Silver,143,18.15,161.15,Does not advance
08-0456,Washington,Silver,161,0,161,Does not advance
08-2897,Florida,Silver,145,15.675,160.675,Does not advance
08-3125,California,Silver,142,18.15,160.15,Does not advance
08-2850,Texas,Silver,160,0,160,Does not advance
08-1642,Utah,Silver,144,14.85,158.85,Does not advance
08-2058,California,Silver,134,24.75,158.75,Does not advance
08-0486,California,Silver,158,0,158,Does not advance
08-0859,Pennsylvania,Silver,146,11.825,157.825,Does not advance
08-2816,California,Silver,157,0,157,Does not advance
08-0723,Tennessee,Silver,130,26.4,156.4,Does not advance
08-3253,North Carolina,Silver,138,18.15,156.15,Does not advance
08-0695,Canada,Silver,132,23.925,155.925,Does not advance
08-2801,California,Silver,140,14.85,154.85,Does not advance
08-1738,Texas,Silver,135,18.975,153.975,Does not advance
08-2412,Utah,Silver,135,18.15,153.15,Does not advance
08-1554,Virginia,Silver,138,14.85,152.85,Does not advance
08-2309,Texas,Silver,152,0,152,Does not advance
08-2913,Virginia,Silver,152,0,152,Does not advance
08-2591,Ohio,Silver,151,0,151,Advances to Regional Round
08-2333,Virginia,Silver,130,18.975,148.975,Does not advance
08-1346,Tennessee,Silver,147,0,147,Does not advance
08-1074,Texas,Silver,147,0,147,Does not advance
08-2849,Texas,Silver,146,0,146,Does not advance
08-1042,Maryland,Silver,145,0,145,Does not advance
08-0792,California,Silver,129,15.95,144.95,Does not advance
08-1509,Canada,Silver,144,0,144,Does not advance
08-3033,California,Silver,143,0,143,Does not advance
08-0202,Tennessee,Silver,143,0,143,Does not advance
08-0626,Texas,Silver,119,23.925,142.925,Does not advance
08-3285,South Carolina,Silver,140,0,140,Does not advance
08-3218,Maryland,Silver,115,24.75,139.75,Does not advance
08-1405,California,Silver,139,0,139,Does not advance
08-0790,California,Silver,136,0,136,Does not advance
08-3359,California,Silver,135,0,135,Does not advance
08-2197,Massachusetts,Silver,120,14.85,134.85,Advances to Regional Round
08-1818,Texas,Silver,126,6.6,132.6,Does not advance
08-3264,South Carolina,Silver,131,0,131,Does not advance
08-0918,Virginia,Silver,131,0,131,Does not advance
08-2026,California,Silver,129,0,129,Does not advance
08-2391,California,Silver,128,0,128,Does not advance
08-1510,Canada,Silver,128,0,128,Does not advance
08-2552,California,Silver,127,0,127,Does not advance
08-1840,Texas,Silver,127,0,127,Does not advance
08-3126,California,Silver,110,15.675,125.675,Does not advance
08-3190,Maryland,Silver,124,0,124,Does not advance
08-2104,Utah,Silver,112,11.55,123.55,Does not advance
08-2750,California,Silver,123,0,123,Does not advance
08-1933,Virginia,Silver,105,15.675,120.675,Does not advance
08-0721,Tennessee,Silver,100,18.975,118.975,Does not advance
08-0398,Texas,Silver,116,0,116,Does not advance
08-2321,Colorado,Silver,115,0,115,Advances to Regional Round
08-3261,South Carolina,Silver,114,0,114,Does not advance
08-2446,California,Silver,80,31.35,111.35,Does not advance
08-1408,California,Silver,107,0,107,Does not advance
08-3129,California,Silver,86,16.775,102.775,Does not advance
08-2478,New York,Silver,98,0,98,Advances to Regional Round
08-2312,Rhode Island,Silver,98,0,98,Does not advance
08-1511,Canada,Silver,91,0,91,Does not advance
08-0351,Virginia,Silver,85,0,85,Does not advance
08-0993,California,Silver,80,0,80,Does not advance
08-2880,Ohio,Silver,80,0,80,Does not advance