team_id,location,time,official_round_1_score,scraped_round_1_score,warned_multi_instances,warned_time,score_delta
08-1489,AL,6:26,73,67,false,true,-6
08-1853,OH,49:57,143,94,false,true,-49
08-1347,TX,5:06,67,77,false,false,10
08-3177,CA,4:28,78,100,false,false,22
08-2102,IA,5:52,45,94,false,false,49
08-0714,MO,5:37,47,57,false,false,10
08-1187,FL,5:59,88,63,false,false,-25
08-2985,FL,5:11,63,88,false,false,25
08-0852,CA,5:48,85,65,true,false,-20
08-1561,ajrotc,5:27,120,128,false,false,8
08-0078,ajrotc,6:10,110,118,false,true,8
08-3146,ajrotc,4:33,148,156,false,false,8
08-1604,njrotc,5:45,66,74,false,false,8
08-3484,ajrotc,6:36,118,131,false,true,13
08-1155,cap,57:42,136,144,false,true,8
08-2370,afjrotc,6:17,30,38,false,true,8
08-1603,njrotc,5:42,83,91,false,false,8
08-0697,njrotc,5:53,163,171,false,false,8
08-3485,ajrotc,6:16,107,115,false,true,8
08-1722,njrotc,5:07,105,113,false,false,8
08-1592,njrotc,5:53,136,144,false,false,8
08-3245,afjrotc,4:56,86,94,false,false,8
08-1483,afjrotc,4:39,114,127,false,false,13
08-2214,ajrotc,6:07,160,142,false,true,-18
08-0051,cap,29:29,116,124,false,true,8
08-0797,mcjrotc,5:47,93,98,false,false,5
08-2101,afjrotc,6:29,134,142,false,true,8
08-1201,ajrotc,5:39,165,173,false,false,8
08-2881,njrotc,11:43,131,139,false,true,8
08-1488,afjrotc,6:10,117,125,false,true,8
08-1627,afjrotc,6:07,52,60,false,true,8
08-1583,ajrotc,5:17,148,156,false,false,8
08-1280,afjrotc,3:41,60,68,false,false,8
08-1157,afjrotc,6:26,85,93,false,true,8
08-0170,mcjrotc,5:40,103,111,false,false,8
08-1200,ajrotc,5:33,133,141,false,false,8
08-2224,ajrotc,4:46,104,112,false,false,8
08-1487,afjrotc,6:06,129,137,false,true,8
08-2879,njrotc,4:44,85,93,false,false,8
08-1281,afjrotc,6:02,123,131,false,true,8
08-2711,ajrotc,6:10,84,92,false,true,8
08-1425,afjrotc,5:52,150,158,false,false,8
08-1329,cap,6:18,149,157,false,true,8
08-1856,njrotc,5:43,55,43,true,false,-12
08-1946,afjrotc,5:46,149,157,false,false,8
08-0868,afjrotc,6:01,106,114,false,true,8
08-1767,afjrotc,6:02,104,112,false,true,8
08-1162,mcjrotc,5:46,158,166,false,false,8
08-0795,mcjrotc,4:58,96,104,false,false,8
08-2056,afjrotc,6:07,98,106,false,true,8
08-2496,afjrotc,3:40,26,34,false,false,8
08-1785,njrotc,6:00,90,98,false,false,8
08-0549,mcjrotc,6:16,116,124,false,true,8
08-2781,afjrotc,6:00,95,103,false,false,8
08-1598,afjrotc,6:05,77,85,false,true,8
08-1816,afjrotc,6:03,164,172,false,true,8
08-3169,ajrotc,6:11,88,96,false,true,8
08-0857,afjrotc,5:40,133,141,false,false,8
08-0288,afjrotc,5:58,118,126,false,false,8
08-0548,mcjrotc,6:03,124,132,false,true,8
08-0419,ajrotc,5:32,85,93,false,false,8
08-2570,mcjrotc,4:37,99,107,false,false,8
08-3478,afjrotc,5:36,52,60,false,false,8
08-0915,ajrotc,5:58,145,153,false,false,8
08-1865,njrotc,5:49,136,144,false,false,8
08-0540,njrotc,5:52,156,164,false,false,8
08-2077,mcjrotc,5:37,96,104,false,false,8
08-1508,ajrotc,6:04,109,117,false,true,8
08-2597,ajrotc,5:45,88,96,false,false,8
08-2459,ajrotc,6:10,118,106,false,true,-12
08-2870,ajrotc,5:28,77,85,false,false,8
08-1279,ajrotc,5:51,178,186,false,false,8
08-3121,ajrotc,5:40,54,62,false,false,8
08-2567,ajrotc,6:02,138,146,false,true,8
08-1735,ajrotc,6:06,100,128,false,true,28
08-2116,afjrotc,6:03,63,71,false,true,8
08-0744,njrotc,5:28,94,102,false,false,8
08-0914,ajrotc,5:53,152,160,false,false,8
08-1877,afjrotc,5:58,92,100,false,false,8
08-1736,ajrotc,6:06,125,133,false,true,8
08-1844,afjrotc,5:54,122,130,false,false,8
08-1758,afjrotc,5:30,153,161,false,false,8
08-0347,afjrotc,5:39,119,127,false,false,8
08-1843,afjrotc,5:59,129,137,false,false,8
08-3496,njrotc,5:10,66,74,false,false,8
08-3492,njrotc,5:10,69,77,false,false,8
08-1882,ajrotc,5:40,157,165,false,false,8
08-1778,ajrotc,6:05,140,148,false,true,8
08-1566,ajrotc,5:47,111,119,false,false,8
08-0308,afjrotc,5:55,166,174,false,false,8
08-2278,afjrotc,5:50,77,85,false,false,8
08-1365,ajrotc,0:22,22,30,false,false,8
08-2667,njrotc,5:46,109,117,false,false,8
08-2277,afjrotc,5:55,77,85,false,false,8
08-0124,ajrotc,4:04,148,156,false,false,8
08-2638,njrotc,5:54,150,158,false,false,8
08-0463,ajrotc,5:57,126,134,false,false,8
08-2925,njrotc,5:45,83,91,false,false,8
08-0096,mcjrotc,5:59,172,180,false,false,8
08-1731,ajrotc,5:32,109,117,false,false,8
08-2946,njrotc,4:01,82,90,false,false,8
08-0098,mcjrotc,5:54,156,164,false,false,8
08-2596,ajrotc,5:44,140,148,false,false,8
08-0689,mcjrotc,3:59,146,154,false,false,8
08-0819,afjrotc,5:40,149,157,true,false,8
08-0818,afjrotc,5:46,160,168,false,false,8
08-1254,njrotc,5:58,161,169,false,false,8
08-0024,afjrotc,6:08,156,164,false,true,8
08-0990,afjrotc,5:49,130,138,false,false,8
08-1791,afjrotc,5:52,168,176,false,false,8
08-0471,njrotc,4:13,105,118,true,false,13
08-2747,afjrotc,4:40,76,84,false,false,8
08-0338,ajrotc,5:38,174,182,false,false,8
08-0337,ajrotc,5:49,181,189,false,false,8
08-2211,njrotc,6:01,40,48,false,true,8
08-2198,afjrotc,5:41,68,76,false,false,8
08-2271,ajrotc,5:57,159,167,false,false,8
08-0336,ajrotc,5:45,181,189,false,false,8
08-1630,mcjrotc,7:14,92,100,false,true,8
08-0339,ajrotc,5:15,137,145,false,false,8
08-0358,afjrotc,5:49,171,179,false,false,8
08-1849,afjrotc,5:46,171,179,false,false,8
08-0110,njrotc,5:54,140,148,false,false,8
08-3459,mcjrotc,5:04,119,127,false,false,8
08-0107,njrotc,5:59,153,161,false,false,8
08-0108,njrotc,5:59,154,162,false,false,8
08-3314,ajrotc,4:39,74,82,false,false,8
08-0038,ajrotc,5:44,153,161,false,false,8
08-1780,afjrotc,5:50,112,120,false,false,8
08-1394,afjrotc,5:50,164,172,false,false,8
08-1205,afjrotc,5:41,169,177,false,false,8
08-1395,afjrotc,5:46,148,156,false,false,8
08-1397,afjrotc,5:32,158,171,false,false,13
08-2053,afjrotc,5:30,120,128,false,false,8
08-2589,mcjrotc,5:28,151,159,false,false,8
08-1396,afjrotc,5:30,143,151,false,false,8
08-1247,njrotc,5:48,101,109,false,false,8
08-2602,afjrotc,6:05,66,74,false,true,8
08-1572,njrotc,5:58,168,176,false,false,8
08-2420,njrotc,5:57,129,137,false,false,8
08-2419,njrotc,5:57,142,150,false,false,8
08-2414,njrotc,6:00,145,153,false,false,8
08-1575,njrotc,5:57,122,130,false,false,8
08-0034,ajrotc,1:28,134,175,false,false,41
08-3071,njrotc,4:17,28,36,false,false,8
08-2033,njrotc,4:15,34,42,false,false,8
08-0879,njrotc,8:25,138,146,false,true,8
08-2017,ajrotc,5:05,119,127,false,false,8
08-1524,mcjrotc,5:49,108,116,false,false,8
08-2904,ajrotc,5:52,106,114,false,false,8
08-0197,cap,19:02,42,8,false,true,-34
08-0188,cap,5:47,126,134,false,false,8
08-2696,ajrotc,5:53,129,137,false,false,8
08-0029,mcjrotc,5:40,76,84,false,false,8
08-0782,njrotc,2:01,76,84,false,false,8
08-2216,njrotc,5:28,103,111,false,false,8
08-2840,afjrotc,5:03,124,132,false,false,8
08-0420,ajrotc,2:40,97,105,false,false,8
08-2219,njrotc,4:51,123,131,false,false,8
08-1880,afjrotc,5:18,92,50,false,false,-42
08-2440,afjrotc,5:28,84,92,false,false,8
08-2565,ajrotc,5:52,162,170,false,false,8
08-1965,mcjrotc,4:28,78,86,false,false,8
08-0264,njrotc,4:44,145,153,false,false,8
08-1213,njrotc,5:55,142,150,false,false,8
08-0533,njrotc,4:59,112,125,false,false,13
08-1544,njrotc,5:34,97,105,false,false,8
08-1545,njrotc,5:35,137,145,false,false,8
08-1546,njrotc,5:36,130,118,true,false,-12
08-0445,mcjrotc,5:58,149,187,false,false,38
08-1793,mcjrotc,5:49,92,157,false,false,65
08-3138,cap,2:31,56,64,false,false,8
08-0794,afjrotc,6:02,163,171,false,true,8
08-1613,afjrotc,5:57,146,154,false,false,8
08-1742,mcjrotc,5:56,147,155,false,false,8
08-2070,mcjrotc,5:56,144,152,false,false,8
08-2000,njrotc,5:25,119,127,false,false,8
08-2002,njrotc,5:29,119,127,false,false,8
08-1003,ajrotc,5:55,140,148,false,false,8
08-2117,afjrotc,5:25,135,143,false,false,8
08-2170,afjrotc,4:58,125,133,false,false,8
08-0500,afjrotc,5:39,155,163,false,false,8
08-0287,mcjrotc,6:00,24,32,false,false,8
08-3122,ajrotc,6:07,155,163,false,true,8
08-0442,njrotc,5:00,171,179,false,false,8
08-2761,afjrotc,5:32,102,110,false,false,8
08-0524,cap,5:57,134,142,false,false,8
08-3421,afjrotc,5:39,128,136,false,false,8
08-1823,mcjrotc,4:15,153,161,false,false,8
08-2754,cap,4:37,111,119,false,false,8
08-1750,afjrotc,4:54,98,106,false,false,8
08-0441,njrotc,5:42,177,185,false,false,8
08-2558,afjrotc,5:48,52,60,false,false,8
08-1198,cap,5:51,103,111,false,false,8
08-2284,njrotc,4:16,90,103,false,false,13
08-0528,afjrotc,4:46,148,156,false,false,8
08-1430,ajrotc,2:27,92,100,false,false,8
08-1845,njrotc,4:13,109,117,false,false,8
08-0219,cap,6:03,155,163,false,true,8
08-2177,afjrotc,4:37,98,106,false,false,8
08-0380,afjrotc,5:57,85,93,false,false,8
08-2300,njrotc,3:41,98,106,false,false,8
08-1765,ajrotc,4:32,111,119,false,false,8
08-0675,afjrotc,5:33,133,141,false,false,8
08-0935,afjrotc,3:57,99,107,false,false,8
08-2296,njrotc,4:35,82,90,false,false,8
08-3330,cap,5:51,90,98,false,false,8
08-0229,njrotc,4:31,113,121,false,false,8
08-2297,njrotc,4:18,80,88,false,false,8
08-2281,ajrotc,4:58,110,118,false,false,8
08-2280,ajrotc,5:05,153,161,false,false,8
08-0230,njrotc,4:24,115,123,false,false,8
08-0228,njrotc,4:22,87,95,false,false,8
08-2838,ajrotc,5:36,106,114,false,false,8
08-2836,ajrotc,5:23,63,71,false,false,8
08-1336,ajrotc,2:46,93,101,false,false,8
08-2255,ajrotc,5:59,159,167,false,false,8
08-2408,ajrotc,5:55,137,145,false,false,8
08-1381,afjrotc,5:59,114,122,false,false,8
08-2983,afjrotc,2:21,93,101,false,false,8
08-1476,ajrotc,5:31,85,93,false,false,8
08-2409,ajrotc,5:44,145,153,false,false,8
08-2137,ajrotc,5:09,105,113,false,false,8
08-0998,ajrotc,5:15,98,106,false,false,8
08-2657,mcjrotc,4:26,83,91,false,false,8
08-0460,afjrotc,6:49,84,87,false,true,3
08-0356,afjrotc,5:16,79,87,false,false,8
08-1465,ajrotc,5:16,142,150,false,false,8
08-0459,afjrotc,6:03,117,125,false,true,8
08-1477,ajrotc,5:08,52,60,false,false,8
08-0575,ajrotc,5:47,173,181,false,false,8
08-0580,ajrotc,5:46,162,170,false,false,8
08-0436,cap,5:59,186,194,false,false,8
08-2535,afjrotc,5:36,129,137,false,false,8
08-3243,cap,25:18,149,157,false,true,8
08-1677,njrotc,3:39,133,141,false,false,8
08-1676,njrotc,3:43,141,149,false,false,8
08-0434,mcjrotc,4:53,186,194,false,false,8
08-1567,ajrotc,6:01,108,116,false,true,8
08-2947,njrotc,3:03,93,101,false,false,8
08-2924,cap,5:55,152,160,false,false,8
08-3390,afjrotc,1:48,68,76,false,false,8
08-2373,afjrotc,8:00,0,8,false,true,8
08-1696,njrotc,4:39,159,141,false,false,-18
08-1447,njrotc,3:44,34,42,false,false,8
08-1695,njrotc,4:37,133,167,false,false,34
08-1127,cap,6:01,42,50,false,true,8
08-0379,njrotc,2:00,50,58,false,false,8
08-0713,cap,5:56,162,119,false,false,-43
08-1699,mcjrotc,5:46,147,160,false,false,13
08-2778,cap,2:43,121,129,false,false,8
08-1144,cap,5:10,139,147,false,false,8
08-2770,afjrotc,5:31,159,167,false,false,8
08-0525,cap,2:44,115,123,false,false,8
08-0576,afjrotc,3:23,70,78,false,false,8
08-2421,cap,5:50,159,167,false,false,8
08-0538,njrotc,5:51,186,194,false,false,8
08-0231,cap,5:51,99,107,false,false,8
08-2319,njrotc,2:26,142,150,false,false,8
08-2762,afjrotc,5:11,105,113,false,false,8
08-0369,cap,4:57,68,76,false,false,8
08-0194,afjrotc,5:13,65,73,false,false,8
08-0106,afjrotc,5:13,102,115,false,false,13
08-0670,afjrotc,5:55,159,167,false,false,8
08-2804,afjrotc,5:06,78,86,false,false,8
08-0466,cap,13:32,91,99,false,true,8
08-1446,njrotc,43:04,88,96,false,true,8
08-2764,afjrotc,4:51,85,93,false,false,8
08-0476,mcjrotc,5:45,138,146,false,false,8
08-0698,mcjrotc,5:40,133,141,false,false,8
08-3009,njrotc,5:46,108,116,false,false,8
08-3008,njrotc,5:39,144,152,false,false,8
08-2656,afjrotc,3:43,84,92,false,false,8
08-0173,afjrotc,4:44,62,70,false,false,8
08-2025,ajrotc,2:41,89,97,false,false,8
08-2024,ajrotc,2:36,89,97,false,false,8
08-2194,afjrotc,4:11,171,179,false,false,8
08-0464,afjrotc,4:25,166,174,false,false,8
08-3316,afjrotc,5:16,119,127,false,false,8
08-1964,mcjrotc,4:31,40,53,false,false,13
08-2121,afjrotc,5:44,168,176,true,false,8
08-2415,afjrotc,3:49,86,94,false,false,8
08-3384,ajrotc,5:44,132,140,false,false,8
08-2218,mcjrotc,4:53,179,187,false,false,8
08-1136,cap,6:02,149,157,false,true,8
08-1249,ajrotc,6:34,106,114,false,true,8
08-2259,njrotc,5:51,172,180,false,false,8
08-2757,njrotc,5:47,162,170,false,false,8
08-1792,njrotc,5:46,172,180,false,false,8
08-1584,ajrotc,4:30,182,190,false,false,8
08-0957,cap,7:43,48,40,false,true,-8
08-1927,afjrotc,5:48,163,171,false,false,8
08-1152,njrotc,5:39,172,180,false,false,8
08-3187,ajrotc,5:56,95,103,false,false,8
08-3148,mcjrotc,5:35,143,151,false,false,8
08-3006,mcjrotc,5:48,128,136,false,false,8
08-3005,mcjrotc,5:47,131,139,false,false,8
08-3003,mcjrotc,5:49,126,134,false,false,8
08-3004,mcjrotc,5:43,121,129,false,false,8
08-2590,mcjrotc,5:52,94,102,false,false,8
08-0718,cap,5:37,113,121,false,false,8
08-1302,afjrotc,5:59,181,189,false,false,8
08-1462,mcjrotc,4:01,164,172,false,false,8
08-2640,mcjrotc,4:54,86,94,false,false,8
08-0639,cap,5:57,149,157,false,false,8
08-1293,njrotc,4:41,27,35,false,false,8
08-1291,afjrotc,5:50,133,141,false,false,8
08-1217,njrotc,6:03,152,160,false,true,8
08-3091,cap,5:51,96,104,false,false,8
08-1290,afjrotc,5:54,164,172,false,false,8
08-0736,cap,4:23,47,55,false,false,8
08-1148,cap,5:57,187,195,false,false,8
08-0120,cap,5:54,157,165,false,false,8
08-1214,njrotc,6:03,152,160,false,true,8
08-1015,afjrotc,5:55,175,183,false,false,8
08-2600,cap,6:09,118,126,false,true,8
08-0076,cap,5:51,168,176,false,false,8
08-2598,cap,6:00,83,91,false,false,8
08-0077,afjrotc,5:44,102,110,false,false,8
08-0007,cap,5:58,136,144,false,false,8
08-2599,cap,6:14,140,148,false,true,8
08-1974,cap,6:09,140,148,false,true,8
08-1809,mcjrotc,5:01,106,119,true,false,13
08-1808,mcjrotc,4:51,132,140,false,false,8
08-2504,njrotc,5:43,138,146,false,false,8
08-0708,cap,6:33,123,131,false,true,8
08-3345,afjrotc,5:43,110,118,false,false,8
08-0223,cap,4:33,160,168,false,false,8
08-2601,cap,6:00,98,111,false,false,13
08-2797,afjrotc,4:57,138,146,false,false,8
08-1402,afjrotc,5:57,82,90,false,false,8
08-0079,afjrotc,5:44,112,120,false,false,8
08-1943,afjrotc,5:35,168,176,false,false,8
08-1980,cap,6:03,118,126,false,true,8
08-2473,afjrotc,5:21,91,99,false,false,8
08-2470,afjrotc,5:20,126,134,false,false,8
08-1296,njrotc,6:04,105,113,false,true,8
08-1605,cap,5:38,92,100,false,false,8
08-0465,afjrotc,5:25,148,156,false,false,8
08-1961,ajrotc,5:45,113,126,false,false,13
08-2984,mcjrotc,6:00,178,186,false,false,8
08-2190,ajrotc,4:20,91,99,false,false,8
08-2934,mcjrotc,6:03,104,112,false,true,8
08-1133,cap,5:54,108,116,false,false,8
08-1541,cap,6:41,44,27,false,true,-17
08-0856,ajrotc,5:46,130,138,false,false,8
08-0318,cap,2:33,112,120,false,false,8
08-0976,cap,5:57,182,190,false,false,8
08-1960,njrotc,5:33,150,158,false,false,8
08-1912,cap,4:32,142,155,false,false,13
08-2346,ajrotc,5:07,161,169,false,false,8
08-1806,afjrotc,5:13,168,176,false,false,8
08-1507,ajrotc,5:03,161,169,false,false,8
08-2976,afjrotc,5:56,155,163,false,false,8
08-2329,njrotc,2:58,43,51,false,false,8
08-2498,mcjrotc,6:05,104,112,false,true,8
08-2659,afjrotc,5:59,131,144,false,false,13
08-1606,afjrotc,5:58,173,181,false,false,8
08-1992,njrotc,2:52,37,45,false,false,8
08-2206,cap,4:20,71,79,false,false,8
08-2232,cap,4:16,87,95,false,false,8
08-1158,njrotc,6:00,182,190,false,false,8
08-0485,cap,7:48,71,79,false,true,8
08-2624,cap,2:55,76,84,false,false,8
08-1601,afjrotc,6:01,147,178,false,true,31
08-1548,cap,6:00,159,167,false,false,8
08-2859,cap,6:13,58,66,false,true,8
08-0752,ajrotc,3:31,144,152,false,false,8
08-0577,afjrotc,5:42,130,138,false,false,8
08-1085,cap,5:31,146,154,false,false,8
08-1266,njrotc,0:43,5,122,false,false,117
08-1245,afjrotc,6:01,142,146,false,true,4
08-0289,mcjrotc,5:21,172,180,false,false,8
08-1267,njrotc,5:55,164,172,false,false,8
08-2909,cap,6:00,117,125,false,false,8
08-1264,njrotc,5:49,138,146,false,false,8
08-1122,cap,5:59,185,193,false,false,8
08-1322,afjrotc,5:56,163,140,false,false,-23
08-1673,ajrotc,5:28,174,162,false,false,-12
08-2514,afjrotc,5:41,136,144,false,false,8
08-2697,afjrotc,5:40,129,142,false,false,13
08-1324,afjrotc,5:48,132,150,false,false,18
08-3097,cap,5:02,71,79,false,false,8
08-0947,cap,5:19,132,140,false,false,8
08-2444,afjrotc,5:34,131,139,false,false,8
08-0129,ajrotc,4:15,137,145,false,false,8
08-1163,cap,5:59,182,190,false,false,8
08-1240,mcjrotc,5:28,123,131,false,false,8
08-1558,cap,6:05,138,146,false,true,8
08-1350,cap,2:28,61,69,false,false,8
08-0619,cap,3:35,86,94,false,false,8
08-2465,cap,6:03,126,134,false,true,8
08-1355,afjrotc,4:21,108,116,false,false,8
08-3297,afjrotc,4:22,95,83,true,false,-12
08-0028,afjrotc,5:57,131,139,false,false,8
08-1025,cap,6:02,143,151,false,true,8
08-0027,afjrotc,5:57,175,183,false,false,8
08-0653,cap,6:05,145,153,false,true,8
08-0366,nscc,6:00,147,155,false,false,8
08-1228,cap,5:11,122,130,false,false,8
08-2220,afjrotc,1:30,94,102,false,false,8
08-1407,cap,4:28,44,52,false,false,8
08-1194,cap,5:56,128,136,false,false,8
08-1353,afjrotc,6:09,146,154,false,true,8
08-3105,cap,5:55,140,148,false,false,8
08-2426,cap,5:44,120,128,false,false,8
08-2427,cap,5:56,139,147,false,false,8
08-2436,cap,5:53,127,135,false,false,8
08-0171,cap,5:52,132,140,false,false,8
08-3175,cap,3:25,59,67,false,false,8
08-1132,cap,4:40,47,55,false,false,8
08-0547,cap,5:49,152,160,false,false,8
08-3486,afjrotc,5:32,169,177,false,false,8
08-0269,njrotc,5:53,182,190,false,false,8
08-1474,cap,5:36,56,64,false,false,8
08-3123,cap,5:53,105,113,false,false,8
08-0360,cap,5:59,147,155,false,false,8
08-1460,nscc,28:29,134,142,false,true,8
08-1639,cap,5:50,126,134,false,false,8
08-0840,mcjrotc,5:52,166,174,false,false,8
08-3391,cap,5:49,113,126,false,false,13
08-2545,cap,4:43,95,103,false,false,8
08-2814,cap,5:37,127,135,false,false,8
08-1062,mcjrotc,3:27,145,153,false,false,8
08-1168,nscc,5:48,110,118,false,false,8
08-2503,ajrotc,5:32,131,139,false,false,8
08-1687,cap,5:57,168,176,false,false,8
08-0771,cap,5:53,171,179,false,false,8
08-0365,nscc,6:03,146,154,false,true,8
08-1709,cap,5:55,141,149,false,false,8
08-1764,cap,5:47,127,135,false,false,8
08-0864,cap,5:58,139,147,false,false,8
08-2294,cap,33:16,56,64,false,true,8
08-0673,afjrotc,5:57,78,91,false,false,13
08-1934,afjrotc,5:23,54,62,false,false,8
08-0497,cap,6:01,134,147,false,true,13
08-1876,afjrotc,2:51,62,70,false,false,8
08-1855,cap,5:54,103,111,false,false,8
08-1871,njrotc,5:32,127,135,false,false,8
08-0815,cap,5:55,160,168,false,false,8
08-0696,afjrotc,5:35,143,156,false,false,13
08-2892,afjrotc,5:43,165,173,false,false,8
08-1710,cap,5:38,166,174,false,false,8
08-1126,cap,5:43,118,126,false,false,8
08-0161,cap,5:37,176,184,false,false,8
08-0147,mcjrotc,3:07,125,133,false,false,8
08-1282,cap,6:00,167,175,false,false,8
08-0030,cap,5:59,161,169,false,false,8
08-0260,cap,4:40,144,152,false,false,8
08-1218,cap,5:37,175,183,false,false,8
08-1996,afjrotc,6:15,66,74,false,true,8
08-1995,afjrotc,6:29,73,81,false,true,8
08-1384,afjrotc,5:42,100,108,false,false,8
08-1479,njrotc,5:21,121,129,false,false,8
08-3166,cap,4:38,70,78,false,false,8
08-0388,ajrotc,2:38,133,141,false,false,8
08-2383,ajrotc,6:09,143,151,false,true,8
08-0933,njrotc,5:58,141,149,false,false,8
08-0609,cap,3:17,35,43,false,false,8
08-3420,cap,3:00,48,56,false,false,8
08-1892,njrotc,5:50,94,102,false,false,8
08-1968,cap,6:04,57,65,false,true,8
08-0822,cap,5:59,175,183,false,false,8
08-1006,cap,5:59,135,143,false,false,8
08-0569,cap,6:01,140,148,false,true,8
08-1233,cap,5:33,130,138,false,false,8
08-1190,ajrotc,5:58,175,183,false,false,8
08-0258,cap,5:24,156,164,false,false,8
08-1830,cap,4:34,113,121,false,false,8
08-1614,cap,5:17,131,139,false,false,8
08-1131,cap,4:27,75,83,false,false,8
08-1503,afjrotc,3:19,60,68,false,false,8
08-0162,ajrotc,5:29,123,131,false,false,8
08-2442,cap,4:47,182,190,false,false,8
08-2843,ajrotc,5:56,125,133,false,false,8
08-3439,cap,4:58,112,120,false,false,8
08-1469,njrotc,3:04,105,113,false,false,8
08-2234,ajrotc,5:55,186,194,false,false,8
08-0556,afjrotc,5:58,179,187,false,false,8
08-2233,ajrotc,5:53,182,190,false,false,8
08-1356,afjrotc,2:54,108,121,false,false,13
08-2235,ajrotc,5:45,84,92,false,false,8
08-2221,afjrotc,5:07,128,136,false,false,8
08-0072,njrotc,5:53,101,109,true,false,8
08-2111,njrotc,5:52,117,125,false,false,8
08-0174,cap,3:35,144,152,false,false,8
08-2623,cap,3:44,100,108,false,false,8
08-1424,afjrotc,5:36,143,151,false,false,8
08-2082,afjrotc,5:35,109,117,false,false,8
08-2114,cap,2:40,48,56,false,false,8
08-1805,afjrotc,2:27,154,162,false,false,8
08-3377,cap,2:18,63,71,false,false,8
08-1749,afjrotc,6:03,65,73,false,true,8
08-3113,cap,5:59,118,126,false,false,8
08-2063,cap,5:54,80,88,false,false,8
08-0056,afjrotc,6:27,114,122,false,true,8
08-2805,afjrotc,6:30,92,100,false,true,8
08-1231,afjrotc,5:03,137,145,false,false,8
08-1597,afjrotc,3:00,29,37,false,false,8
08-2036,cap,5:48,125,133,false,false,8
08-2196,mcjrotc,1:45,50,58,false,false,8
08-2354,cap,5:57,153,161,false,false,8
08-1467,cap,6:07,61,69,false,true,8
08-3038,cap,6:06,133,141,false,true,8
08-1801,cap,4:13,136,144,false,false,8
08-1230,afjrotc,3:15,161,169,false,false,8
08-1516,cap,4:01,99,107,false,false,8
08-1798,cap,5:57,180,188,false,false,8
08-1393,afjrotc,5:28,149,157,false,false,8
08-1376,cap,4:51,88,96,false,false,8
08-3320,njrotc,5:08,121,129,false,false,8
08-2011,afjrotc,5:05,101,109,false,false,8
08-0544,cap,6:02,157,170,false,true,13
08-0322,afjrotc,5:45,139,147,false,false,8
08-2855,cap,6:19,152,160,false,true,8
08-2854,cap,5:43,114,122,false,false,8
08-1579,cap,6:08,170,178,false,true,8
08-1349,njrotc,4:26,112,120,false,false,8
08-1010,cap,5:53,186,194,false,false,8
08-1011,cap,5:45,143,151,false,false,8
08-3436,cap,4:58,149,157,false,false,8
08-1423,cap,5:51,176,184,false,false,8
08-2238,cap,4:01,155,163,false,false,8
08-1019,nscc,3:38,168,176,false,false,8
08-1379,njrotc,6:05,154,162,false,true,8
08-2192,mcjrotc,5:34,187,100,false,false,-87
08-1286,afjrotc,5:49,169,177,false,false,8
08-2185,afjrotc,5:54,158,166,false,false,8
08-1645,cap,5:29,108,116,false,false,8
08-1646,cap,5:44,91,99,false,false,8
08-0199,cap,5:27,146,154,false,false,8
08-0610,cap,6:00,126,134,false,false,8
08-0266,cap,6:03,159,167,false,true,8
08-1557,cap,4:09,78,86,false,false,8
08-1950,cap,6:15,67,75,false,true,8
08-1153,cap,5:51,145,153,false,false,8
08-0315,cap,5:53,146,154,false,false,8
08-1123,cap,3:56,134,142,false,false,8
08-0470,cap,5:51,145,153,false,false,8
08-0357,cap,5:51,163,171,false,false,8
08-1902,cap,5:57,141,149,false,false,8
08-1910,afjrotc,6:03,141,149,false,true,8
08-1134,cap,5:35,123,131,false,false,8
08-3220,afjrotc,5:45,134,154,false,false,20
08-3251,njrotc,3:08,71,79,false,false,8
08-0329,afjrotc,5:46,160,165,false,false,5
08-1903,nscc,5:07,152,165,false,false,13
08-3278,cap,5:57,118,123,false,false,5
08-3250,njrotc,4:03,71,79,false,false,8
08-0484,ajrotc,5:33,137,145,false,false,8
08-1298,njrotc,5:44,122,130,false,false,8
08-0006,cap,5:55,129,137,false,false,8
08-0942,cap,5:55,182,190,false,false,8
08-1807,afjrotc,5:26,170,178,false,false,8
08-2157,ajrotc,5:42,173,178,false,false,5
08-0211,mcjrotc,5:33,137,145,false,false,8
08-1506,afjrotc,5:26,120,128,false,false,8
08-2016,cap,5:55,165,173,false,false,8
08-0951,afjrotc,5:23,142,150,false,false,8
08-0543,cap,6:34,152,160,false,true,8
08-2172,afjrotc,5:49,113,121,false,false,8
08-2174,afjrotc,5:47,140,148,false,false,8
08-0344,cap,5:50,165,173,false,false,8
08-2675,cap,5:38,111,119,false,false,8
08-2380,cap,4:30,129,137,false,false,8
08-3408,cap,2:26,38,46,false,false,8
08-0265,nscc,3:49,171,179,false,false,8
08-2382,cap,3:51,49,57,false,false,8
08-1049,nscc,5:45,142,150,false,false,8
08-2279,cap,2:46,26,34,false,false,8
08-1048,nscc,5:52,127,135,false,false,8
08-2416,cap,5:59,168,176,false,false,8
08-2737,cap,3:30,80,88,false,false,8
08-1846,njrotc,5:35,163,171,false,false,8
08-1825,ajrotc,5:49,157,165,false,false,8
08-0607,cap,5:51,126,134,false,false,8
08-3321,njrotc,5:52,104,112,false,false,8
08-1383,afjrotc,4:57,138,146,false,false,8
08-0934,afjrotc,7:53,152,160,false,true,8
08-1005,cap,6:01,135,143,false,true,8
08-0602,cap,6:03,162,170,false,true,8
08-1109,cap,6:02,149,157,false,true,8
08-3393,ajrotc,5:55,144,152,false,false,8
08-1352,njrotc,2:29,67,75,false,false,8
08-1432,afjrotc,5:00,87,95,false,false,8
08-2229,cap,6:02,110,118,false,true,8
08-1102,nscc,5:46,165,173,false,false,8
08-0765,nscc,6:00,181,189,false,false,8
08-3226,cap,4:40,142,150,false,false,8
08-0189,nscc,6:04,188,196,false,true,8
08-0160,nscc,6:23,188,196,false,true,8
08-0167,cap,4:25,122,130,false,false,8
08-0075,nscc,5:37,170,178,false,false,8
08-2456,cap,2:55,154,162,false,false,8
08-1711,cap,5:42,114,122,false,false,8
08-2252,afjrotc,1:19,35,43,false,false,8
08-0361,cap,4:58,108,116,false,false,8
08-3119,cap,5:59,155,163,false,false,8
08-1369,ajrotc,6:02,123,131,false,true,8
08-2513,afjrotc,5:53,106,114,false,false,8
08-0186,cap,6:01,156,164,false,true,8
08-0974,afjrotc,4:37,139,147,false,false,8
08-3338,cap,2:32,36,44,false,false,8
08-2336,afjrotc,5:14,112,120,false,false,8
08-2337,afjrotc,5:08,107,115,false,false,8
08-0876,afjrotc,5:08,130,138,false,false,8
08-0873,cap,5:53,192,200,false,false,8
08-3431,cap,4:37,138,146,false,false,8
08-3403,cap,5:16,114,122,false,false,8
08-2723,afjrotc,5:07,93,101,false,false,8
08-1116,afjrotc,6:00,157,165,false,false,8
08-2720,afjrotc,5:59,145,153,false,false,8
08-2548,cap,5:22,49,57,false,false,8
08-0759,cap,4:15,164,172,false,false,8
08-3213,cap,6:01,133,141,false,true,8
08-0323,cap,1:08,26,34,false,false,8
08-2900,mcjrotc,5:51,104,112,false,false,8
08-1330,cap,6:01,169,177,false,true,8
08-0311,cap,6:09,158,166,false,true,8
08-0438,afjrotc,2:12,125,133,false,false,8
08-1211,cap,5:59,128,136,false,false,8
08-0382,cap,3:40,77,85,false,false,8
08-1041,cap,5:20,131,139,false,false,8
08-1140,cap,4:17,110,118,false,false,8
08-3370,afjrotc,6:02,108,116,false,true,8
08-0143,afjrotc,3:41,113,126,false,false,13
08-3027,afjrotc,5:53,135,143,false,false,8
08-3165,cap,5:45,105,113,false,false,8
08-2629,cap,4:52,123,131,false,false,8
08-2013,cap,2:53,116,124,false,false,8
08-1222,cap,5:46,160,168,false,false,8
08-1027,cap,5:01,144,152,false,false,8
08-0364,nscc,5:08,156,164,false,false,8
08-0468,cap,1:26,44,52,false,false,8
08-1151,cap,4:12,100,108,false,false,8
08-1137,cap,1:21,15,23,false,false,8
08-2959,cap,4:47,123,131,false,false,8
08-2199,cap,2:31,148,156,false,false,8
08-1412,cap,4:28,81,89,false,false,8
08-0352,cap,4:24,120,128,false,false,8
08-1698,cap,3:59,171,179,false,false,8
08-2441,cap,3:41,88,96,false,false,8
08-1039,cap,3:48,69,77,false,false,8
08-1221,nscc,3:10,55,63,false,false,8
08-0422,cap,2:12,55,63,false,false,8
08-1167,cap,0:19,0,8,false,false,8
08-1343,MD,5:40,175,183,false,false,8
08-2093,NJ,5:49,166,174,false,false,8
08-0477,MD,5:54,175,183,false,false,8
08-1505,FL,6:20,162,170,false,true,8
08-2253,FL,6:03,169,177,false,true,8
08-2087,NJ,5:43,167,175,false,false,8
08-1928,MD,4:22,152,160,false,false,8
08-1674,MD,4:53,100,108,false,false,8
08-1387,MD,5:31,135,143,false,false,8
08-2386,VA,6:02,148,169,false,true,21
08-1459,OH,5:51,178,186,false,false,8
08-2484,MD,6:12,153,161,false,true,8
08-1480,OH,5:52,151,159,false,false,8
08-3147,FL,4:37,177,185,false,false,8
08-2574,PA,5:58,182,190,false,false,8
08-2485,MD,6:16,148,156,false,true,8
08-1787,NJ,5:43,121,129,false,false,8
08-2388,VA,5:51,138,146,false,false,8
08-2230,PA,5:53,115,123,false,false,8
08-3475,RI,4:49,146,154,false,false,8
08-2645,PA,6:11,181,189,false,true,8
08-1452,VA,5:55,192,163,false,false,-29
08-2646,PA,5:59,175,183,false,false,8
08-1450,VA,5:58,186,194,false,false,8
08-0240,RI,4:49,151,159,false,false,8
08-2644,PA,6:14,156,164,false,true,8
08-2649,PA,5:57,142,150,false,false,8
08-2653,PA,6:02,186,194,false,true,8
08-0242,RI,4:47,122,130,false,false,8
08-2641,PA,6:04,165,173,false,true,8
08-2650,PA,6:00,180,188,false,false,8
08-0667,MD,5:45,148,156,false,false,8
08-1454,VA,5:53,164,163,false,false,-1
08-2573,PA,5:58,178,186,false,false,8
08-2480,NC,5:43,151,159,false,false,8
08-1453,VA,5:52,150,177,false,false,27
08-1675,MD,4:55,113,121,false,false,8
08-2571,PA,5:54,163,171,false,false,8
08-2752,RI,4:43,118,126,false,false,8
08-2090,NJ,5:36,154,162,false,false,8
08-2643,PA,6:07,174,173,false,true,-1
08-1451,VA,5:25,155,200,false,false,45
08-2091,NJ,5:48,166,174,false,false,8
08-1958,PA,5:03,122,130,false,false,8
08-1719,NC,6:19,160,168,false,true,8
08-2088,PA,36:59,168,176,false,true,8
08-2651,PA,5:51,181,189,false,false,8
08-2572,PA,5:49,116,124,false,false,8
08-0213,IN,5:50,130,138,false,false,8
08-2089,PA,5:37,126,134,false,false,8
08-0629,VA,5:54,163,171,false,false,8
08-0406,VA,5:58,176,184,false,false,8
08-1224,AR,5:43,165,173,false,false,8
08-0214,IN,5:48,128,136,false,false,8
08-2753,RI,4:36,102,110,false,false,8
08-0208,IN,5:45,137,145,false,false,8
08-3194,MD,4:35,128,136,true,false,8
08-3231,OH,5:49,83,91,false,false,8
08-3190,MD,4:32,98,111,true,false,13
08-1665,MD,11:10,112,120,false,true,8
08-1563,PA,5:40,149,157,false,false,8
08-3241,OH,5:14,114,122,false,false,8
08-1595,OK,5:57,170,178,false,false,8
08-3235,OH,5:16,71,79,false,false,8
08-0572,VT,6:07,186,194,false,true,8
08-1344,KS,5:57,164,172,false,false,8
08-2266,FL,6:01,156,164,false,true,8
08-3315,IA,4:53,171,179,false,false,8
08-0859,PA,5:38,82,90,false,false,8
08-2999,FL,5:36,152,160,false,false,8
08-2267,FL,6:02,152,160,false,true,8
08-3309,IA,4:46,156,164,false,false,8
08-3024,NY,5:51,173,181,false,false,8
08-1427,FL,5:06,95,103,false,false,8
08-2262,TX,6:00,165,173,false,false,8
08-0862,PA,5:47,83,91,false,false,8
08-3292,IA,5:30,114,122,false,false,8
08-1564,PA,5:09,102,110,false,false,8
08-3035,MD,6:02,143,156,false,true,13
08-1435,AL,5:46,111,119,false,false,8
08-2727,OK,6:00,168,176,false,false,8
08-2897,FL,4:37,133,141,false,false,8
08-1837,AL,5:51,170,178,false,false,8
08-0784,OK,5:54,148,156,false,false,8
08-2443,FL,5:27,146,154,false,false,8
08-1337,TX,5:55,165,173,false,false,8
08-3311,IA,4:26,78,86,false,false,8
08-1955,TX,5:57,170,178,false,false,8
08-0783,OK,5:49,130,138,false,false,8
08-1898,MA,5:57,186,194,false,false,8
08-1901,MA,5:55,186,194,false,false,8
08-2731,NY,6:08,128,136,false,true,8
08-1900,MA,5:57,179,187,false,false,8
08-1945,ajrotc,4:52,147,155,false,false,8
08-1768,TX,6:01,172,180,false,true,8
08-1775,FL,6:04,163,171,false,true,8
08-0292,OK,6:21,109,91,true,false,-18
08-2894,FL,4:16,121,134,false,false,13
08-3168,FL,6:03,114,127,false,true,13
08-0909,CAN,5:55,158,166,false,false,8
08-0907,CAN,5:56,173,181,false,false,8
08-0293,OK,6:25,104,99,false,true,-5
08-0666,MT,6:58,170,178,false,true,8
08-1913,MT,6:02,163,171,false,true,8
08-0737,MT,6:01,158,166,false,true,8
08-1556,VA,5:03,75,83,false,false,8
08-2715,VA,6:02,164,172,false,true,8
08-0597,VA,5:03,137,145,false,false,8
08-3298,IA,4:04,83,91,false,false,8
08-1914,MT,5:59,154,162,false,false,8
08-0587,CAN,5:48,159,167,false,false,8
08-2275,TX,5:33,164,172,false,false,8
08-0294,OK,5:56,118,126,false,false,8
08-1276,TX,5:49,95,103,false,false,8
08-2066,MD,4:26,115,123,false,false,8
08-2536,CAN,5:52,163,171,false,false,8
08-1962,TX,5:35,146,154,false,false,8
08-2848,TX,5:46,157,165,false,false,8
08-0911,CAN,5:39,173,181,false,false,8
08-2022,TX,6:17,188,196,false,true,8
08-1555,VA,4:47,103,111,false,false,8
08-2021,TX,6:22,175,183,false,true,8
08-1554,VA,4:49,127,135,false,false,8
08-3310,AL,5:24,121,129,false,false,8
08-2269,DC,7:14,75,62,false,true,-13
08-0693,CAN,5:05,102,115,false,false,13
08-0692,CAN,5:12,67,75,false,false,8
08-0254,TX,6:00,148,156,false,false,8
08-1573,TX,6:06,162,158,false,true,-4
08-1769,TX,5:00,177,185,false,false,8
08-2135,NY,5:19,70,78,false,false,8
08-2553,MA,5:56,186,194,false,false,8
08-1208,TX,5:55,137,145,false,false,8
08-1782,TX,5:53,163,171,false,false,8
08-2132,NY,9:10,113,121,false,true,8
08-2691,AL,5:48,117,125,false,false,8
08-0841,OK,5:27,149,157,false,false,8
08-0250,TX,5:23,173,181,false,false,8
08-2717,VA,4:47,138,146,false,false,8
08-2566,TX,5:33,116,124,false,false,8
08-2787,AL,5:59,138,146,false,false,8
08-1652,AL,5:53,163,171,false,false,8
08-0252,TX,5:53,148,156,false,false,8
08-1866,FL,5:51,125,133,false,false,8
08-1826,TX,5:55,138,146,false,false,8
08-2849,TX,5:41,98,106,false,false,8
08-1574,TX,5:54,149,157,false,false,8
08-0249,FL,5:48,150,163,false,false,13
08-2273,AL,5:37,118,126,false,false,8
08-1864,FL,5:58,159,167,false,false,8
08-0808,VA,4:23,63,71,false,false,8
08-0251,TX,5:25,156,169,false,false,13
08-2714,VA,4:34,66,74,false,false,8
08-2530,TX,3:58,112,120,false,false,8
08-1944,AL,6:06,131,139,false,true,8
08-1878,TX,5:51,171,179,false,false,8
08-2920,AL,6:23,117,122,false,true,5
08-1777,NV,6:13,146,147,false,true,1
08-1879,TX,5:52,163,171,false,false,8
08-3349,TX,5:53,186,194,false,false,8
08-0103,TX,30:06,133,141,false,true,8
08-1562,IA,5:39,102,115,false,false,13
08-1149,AL,5:58,177,185,false,false,8
08-0253,TX,5:52,160,168,false,false,8
08-2463,AL,5:59,170,178,false,false,8
08-2921,AL,6:26,140,128,true,false,-12
08-0920,VA,5:02,68,76,false,false,8
08-0842,OK,5:23,110,118,false,false,8
08-2019,TX,3:50,90,98,false,false,8
08-2376,TX,6:00,160,168,false,false,8
08-0850,PA,5:57,119,127,false,false,8
08-1456,AZ,5:55,135,143,false,false,8
08-0843,OK,5:07,126,134,false,false,8
08-1619,VA,4:39,134,142,false,false,8
08-0919,VA,5:01,22,30,false,false,8
08-2690,AL,5:48,103,111,false,false,8
08-1455,AZ,5:59,139,147,false,false,8
08-0844,OK,5:10,156,164,false,false,8
08-0871,AR,5:39,165,173,false,false,8
08-0845,OK,4:56,61,69,false,false,8
08-0937,AR,5:32,148,156,false,false,8
08-2537,CAN,5:16,158,166,false,false,8
08-2790,AL,5:31,119,127,false,false,8
08-2001,MD,3:52,143,151,false,false,8
08-2789,AL,5:57,112,120,false,false,8
08-0939,AR,5:22,175,183,false,false,8
08-2186,IA,10:04,131,139,false,true,8
08-0870,AR,5:30,150,158,false,false,8
08-2850,TX,5:18,110,118,false,false,8
08-0127,TX,5:33,160,168,false,false,8
08-0938,AR,5:14,175,183,false,false,8
08-2133,NY,4:23,97,105,false,false,8
08-3304,IA,4:38,57,65,false,false,8
08-2083,TX,5:30,138,146,false,false,8
08-1740,TX,5:26,89,97,false,false,8
08-0866,WI,5:49,136,144,false,false,8
08-1818,TX,4:43,165,173,false,false,8
08-1886,ME,5:58,186,194,false,false,8
08-2096,MD,5:10,177,185,false,false,8
08-0241,MT,5:53,141,149,false,false,8
08-1738,TX,5:15,118,126,false,false,8
08-0296,OK,4:33,61,69,false,false,8
08-1781,NV,6:41,109,117,false,true,8
08-3483,AL,4:36,138,146,false,false,8
08-0553,TX,5:57,172,180,false,false,8
08-2331,MD,6:04,130,138,false,true,8
08-1434,TX,5:28,200,180,true,false,-20
08-1906,CO,5:43,130,138,false,false,8
08-2167,ME,5:33,175,183,false,false,8
08-2992,SC,3:58,116,124,false,false,8
08-3002,SC,4:16,118,126,false,false,8
08-2165,ME,5:55,159,167,false,false,8
08-2995,SC,4:00,118,126,false,false,8
08-0527,MA,5:33,173,181,false,false,8
08-0890,AL,4:59,181,189,false,false,8
08-1065,TX,5:29,160,168,false,false,8
08-0918,VA,5:32,46,54,false,false,8
08-2250,PA,5:56,181,189,false,false,8
08-0099,PA,5:54,179,187,false,false,8
08-3195,CA,2:23,68,76,false,false,8
08-2308,TX,4:37,141,149,false,false,8
08-1409,CA,5:58,81,89,false,false,8
08-2106,CA,5:52,137,145,false,false,8
08-0141,OH,4:45,170,178,false,false,8
08-2309,TX,4:31,96,104,false,false,8
08-2072,CA,6:57,67,75,false,true,8
08-0207,CA,5:57,146,154,false,false,8
08-2276,CAN,4:37,135,143,false,false,8
08-2205,CA,6:01,181,189,false,true,8
08-0542,AK,5:43,171,179,false,false,8
08-3306,MD,5:40,108,116,false,false,8
08-0456,WA,4:56,42,50,true,false,8
08-1326,CO,20:24,65,169,false,true,104
08-1811,DE,5:30,120,128,false,false,8
08-0655,FL,5:14,158,166,false,false,8
08-2543,FL,5:09,151,159,false,false,8
08-1810,DE,5:23,147,155,false,false,8
08-0398,TX,5:37,53,66,false,false,13
08-1999,CA,5:49,118,126,false,false,8
08-2588,MD,4:25,102,110,false,false,8
08-1813,DE,2:05,47,55,false,false,8
08-2585,MD,4:05,94,102,false,false,8
08-2584,MD,3:53,72,80,false,false,8
08-0109,CA,5:57,140,148,false,false,8
08-3191,CA,1:33,33,41,false,false,8
08-3324,WA,3:56,96,109,false,false,13
08-0193,OH,5:57,163,171,false,false,8
08-1320,AL,2:52,153,161,false,false,8
08-1272,AL,4:16,163,171,false,false,8
08-1386,MD,5:52,152,160,false,false,8
08-1466,OH,5:59,176,184,false,false,8
08-1315,AL,5:07,148,156,false,false,8
08-2896,LA,5:21,146,154,false,false,8
08-0457,WA,3:49,93,101,false,false,8
08-0626,TX,5:19,97,105,false,false,8
08-0534,SC,5:56,132,140,false,false,8
08-2068,MD,5:56,184,196,false,false,12
08-3434,TX,4:48,37,45,false,false,8
08-1991,MD,5:41,196,183,false,false,-13
08-1366,AZ,4:06,174,182,false,false,8
08-1471,AZ,5:08,132,140,false,false,8
08-3255,FL,3:23,86,94,false,false,8
08-3010,WI,3:17,134,142,false,false,8
08-1056,TX,5:37,166,174,false,false,8
08-1812,DE,2:26,50,58,false,false,8
08-2820,FL,4:05,175,183,false,false,8
08-1057,TX,5:17,149,157,false,false,8
08-2125,VA,4:08,71,79,false,false,8
08-3193,CA,0:54,50,58,false,false,8
08-2126,VA,4:02,61,69,false,false,8
08-2124,VA,3:57,61,69,false,false,8
08-1058,TX,7:59,117,125,false,true,8
08-2156,VA,5:57,133,141,false,false,8
08-2154,VA,5:52,175,183,false,false,8
08-2153,VA,5:43,121,129,false,false,8
08-1720,ME,5:29,117,125,false,false,8
08-0599,CT,6:02,142,150,false,true,8
08-2886,OH,3:13,137,145,false,false,8
08-2079,CA,3:40,164,172,false,false,8
08-2078,CA,3:39,156,164,false,false,8
08-2880,OH,1:29,85,93,false,false,8
08-0455,WA,3:05,88,96,false,false,8
08-0508,NC,5:57,182,190,false,false,8
08-0510,NC,5:54,182,190,false,false,8
08-0509,NC,5:54,182,190,true,false,8
08-1766,NC,5:55,175,183,false,false,8
08-2407,MA,6:02,134,122,true,false,-12
08-2225,CA,5:43,174,182,false,false,8
08-0891,VA,5:22,149,157,false,false,8
08-0742,afjrotc,5:07,92,50,false,false,-42
08-0429,NE,5:50,151,159,false,false,8
08-2987,MD,5:20,158,166,false,false,8
08-0427,NE,5:39,120,128,false,false,8
08-2119,MD,5:51,133,141,false,false,8
08-1789,NJ,5:54,110,118,false,false,8
08-2129,NJ,5:47,164,172,false,false,8
08-0426,NE,5:39,90,98,false,false,8
08-1333,MD,5:44,138,146,false,false,8
08-1599,PA,5:56,150,158,false,false,8
08-1237,GA,3:43,146,154,false,false,8
08-2586,VA,5:45,170,178,false,false,8
08-0496,VA,5:38,186,194,false,false,8
08-1952,AL,5:54,147,155,false,false,8
08-0892,VA,4:26,152,160,false,false,8
08-1790,TN,3:55,135,143,false,false,8
08-3154,TN,3:47,134,142,false,false,8
08-1294,GA,3:23,119,127,false,false,8
08-0515,VA,5:37,141,149,false,false,8
08-1223,GA,3:40,134,142,false,false,8
08-0520,VA,5:33,127,135,false,false,8
08-2889,VA,5:55,83,91,false,false,8
08-0495,VA,5:42,162,170,false,false,8
08-3383,VA,6:11,120,112,false,true,-8
08-2478,NY,8:08,47,0,true,false,-47
08-1824,OH,5:56,126,134,false,false,8
08-0816,IN,6:01,171,179,false,true,8
08-1783,IN,5:59,171,179,false,false,8
08-2160,MD,4:54,156,164,false,false,8
08-2742,VA,5:31,140,153,false,false,13
08-2744,VA,5:24,86,94,false,false,8
08-1681,TX,3:04,148,156,false,false,8
08-2326,CA,5:46,182,190,false,false,8
08-2887,VA,6:01,119,127,false,true,8
08-0368,VA,5:24,86,94,false,false,8
08-1933,VA,5:40,76,84,false,false,8
08-2372,MI,5:46,118,126,false,false,8
08-1225,SC,4:37,155,168,false,false,13
08-3422,NY,5:55,88,96,false,false,8
08-2743,VA,5:11,128,136,false,false,8
08-1840,TX,1:30,51,59,false,false,8
08-2171,MI,5:33,142,150,true,false,8
08-2040,WI,4:12,125,133,false,false,8
08-3014,AL,5:31,136,144,false,false,8
08-3217,VA,4:21,134,142,false,false,8
08-0351,VA,5:02,68,76,false,false,8
08-3039,DE,5:57,128,136,false,false,8
08-0981,VA,5:44,167,175,false,false,8
08-0620,TN,5:51,160,168,false,false,8
08-0371,TN,5:46,159,167,false,false,8
08-2981,VA,5:46,181,189,false,false,8
08-2307,NC,3:59,147,155,false,false,8
08-1255,DE,5:49,140,148,false,false,8
08-2306,NC,3:52,46,54,false,false,8
08-0978,VA,5:41,192,200,false,false,8
08-2798,CO,5:59,152,160,false,false,8
08-0565,WI,5:50,169,177,false,false,8
08-3167,IL,5:57,130,143,false,false,13
08-0428,NE,4:57,76,84,false,false,8
08-2594,MI,3:56,166,174,false,false,8
08-3176,IL,6:00,158,171,false,false,13
08-3172,IL,5:55,163,171,false,false,8
08-1491,DC,3:22,80,88,false,false,8
08-0125,WA,5:56,170,178,false,false,8
08-2412,UT,1:18,19,27,false,false,8
08-1642,UT,1:18,38,46,false,false,8
08-2104,UT,1:18,31,39,false,false,8
08-2413,UT,1:18,42,50,false,false,8
08-1090,VA,5:45,88,96,false,false,8
08-2374,MI,5:41,86,99,false,false,13
08-1919,VA,5:30,177,182,false,false,5
08-1916,VA,5:55,192,180,false,false,-12
08-1510,CAN,3:05,61,69,false,false,8
08-2099,KS,4:49,88,96,false,false,8
08-0136,CA,5:13,135,143,false,false,8
08-2446,CA,5:44,58,66,false,false,8
08-1509,CAN,3:16,56,64,false,false,8
08-0307,HI,5:09,144,152,false,false,8
08-2347,KS,4:36,95,103,false,false,8
08-1512,CAN,4:04,71,79,true,false,8
08-1164,TN,4:41,174,182,false,false,8
08-1091,VA,5:35,144,152,false,false,8
08-1426,AL,4:06,166,174,false,false,8
08-1590,CO,5:33,152,160,false,false,8
08-0390,NM,5:44,181,189,false,false,8
08-0393,NM,5:50,160,168,false,false,8
08-1146,CA,2:47,115,123,false,false,8
08-0391,NM,5:56,180,188,false,false,8
08-0394,NM,5:59,169,182,false,false,13
08-0306,HI,5:59,157,165,false,false,8
08-2055,CA,2:46,92,100,false,false,8
08-0392,NM,5:56,192,200,false,false,8
08-0889,CA,5:13,163,194,false,false,31
08-2244,CA,5:59,94,146,false,false,52
08-2243,CA,6:02,147,171,true,false,24
08-2693,CO,6:02,146,154,false,true,8
08-0389,NM,5:53,181,189,false,false,8
08-1288,CO,6:00,171,179,false,false,8
08-1226,TX,3:49,117,125,false,false,8
08-1701,TN,4:43,136,144,false,false,8
08-1258,CA,3:21,116,124,false,false,8
08-0435,TX,4:56,186,194,true,false,8
08-3047,AZ,6:00,136,144,false,false,8
08-3178,CA,5:45,182,190,false,false,8
08-2103,HI,6:02,151,143,false,true,-8
08-3081,CA,5:46,182,190,false,false,8
08-0437,CA,5:50,174,182,false,false,8
08-2321,CO,2:22,110,118,false,false,8
08-0603,CA,5:58,175,183,false,false,8
08-2322,CO,2:31,59,67,false,false,8
08-0605,CA,5:51,135,148,false,false,13
08-1861,CA,5:46,82,95,false,false,13
08-2320,CO,2:41,34,42,false,false,8
08-2050,CA,1:38,125,133,false,false,8
08-2075,CA,1:38,122,130,false,false,8
08-0604,CA,5:56,192,200,false,false,8
08-2578,CA,5:54,186,194,false,false,8
08-2449,CA,5:27,157,165,false,false,8
08-1007,CA,5:37,165,173,false,false,8
08-2445,CA,3:53,83,91,false,false,8
08-1628,CA,49:14,86,94,false,true,8
08-1578,CA,4:38,164,172,false,false,8
08-3429,CA,3:41,150,158,false,false,8
08-2447,CA,5:12,151,159,false,false,8
08-1071,WA,5:56,192,200,false,false,8
08-2626,NV,6:02,168,176,false,true,8
08-2611,CA,5:07,146,154,false,false,8
08-2581,CA,5:17,148,156,false,false,8
08-2608,CA,5:03,155,163,false,false,8
08-2609,CA,5:03,177,185,false,false,8
08-0897,CA,4:24,153,161,false,false,8
08-2627,NV,5:56,178,186,true,false,8
08-2213,CA,5:50,147,155,false,false,8
08-1634,CA,2:49,108,116,false,false,8
08-2131,CA,5:16,144,152,false,false,8
08-2155,VA,5:53,163,171,false,false,8
08-2702,CA,5:53,162,170,false,false,8
08-2392,TX,5:42,166,174,false,false,8
08-2027,CA,2:48,161,169,false,false,8
08-0625,NY,2:34,65,73,false,false,8
08-2928,CA,5:00,97,105,false,false,8
08-0872,CA,4:19,151,159,false,false,8
08-3289,CA,5:28,105,113,false,false,8
08-1405,CA,2:32,108,116,false,false,8
08-0707,HI,5:10,167,175,false,false,8
08-2451,CA,5:39,156,164,true,false,8
08-0706,HI,5:50,151,159,false,false,8
08-3059,CA,4:29,129,137,false,false,8
08-0717,HI,2:46,86,94,false,false,8
08-2387,TX,5:51,173,181,false,false,8
08-2389,TX,3:05,36,44,false,false,8
08-0122,TX,5:52,180,188,false,false,8
08-2122,AP,5:14,182,190,false,false,8
08-2857,AP,5:56,178,186,false,false,8
08-3386,HI,5:41,128,136,false,false,8
08-2845,NJ,24:44,53,61,false,true,8
08-2860,HI,5:50,83,91,false,false,8
08-0091,HI,5:54,125,133,false,false,8
08-3058,AP,5:24,147,155,false,false,8
08-1552,NM,6:05,176,184,false,true,8
08-3359,CA,1:54,15,23,false,false,8
08-2005,FL,5:26,200,194,false,false,-6
08-2962,VA,5:59,154,182,false,false,28
08-2004,FL,5:58,182,200,false,false,18
08-3210,VA,5:37,148,153,false,false,5
08-0065,CO,4:39,200,184,false,false,-16
08-2957,VA,6:13,146,191,true,false,45
08-2960,VA,5:59,183,162,false,false,-21
08-1718,MI,6:02,192,200,false,true,8
08-0066,CO,5:39,166,200,false,false,34
08-1715,MI,5:35,192,200,false,false,8
08-2006,FL,5:43,177,173,false,false,-4
08-1482,MI,6:01,192,200,false,true,8
08-0518,NY,6:07,162,165,false,true,3
08-1717,MI,5:38,192,200,false,false,8
08-2344,NY,5:56,166,174,false,false,8
08-1716,MI,5:29,192,200,false,false,8
08-2969,VA,6:02,183,191,false,true,8
08-0612,CO,24:19,200,166,false,true,-34
08-2502,IL,5:40,151,159,false,false,8
08-0551,IL,5:59,168,176,true,false,8
08-2863,MD,6:03,81,89,false,true,8
08-0418,SC,6:50,111,119,false,true,8
08-1388,IN,5:46,164,172,false,false,8
08-0869,PA,5:59,117,125,false,false,8
08-2332,VA,5:50,181,189,false,false,8
08-0642,OH,5:34,145,153,false,false,8
08-0643,OH,5:36,153,161,false,false,8
08-2401,VA,5:44,88,96,false,false,8
08-2404,VA,5:46,182,190,false,false,8
08-1390,IN,5:47,161,169,false,false,8
08-1346,TN,6:04,64,72,false,true,8
08-0511,VA,5:37,152,160,false,false,8
08-0202,TN,5:55,65,73,false,false,8
08-2340,VA,3:58,156,164,false,false,8
08-2794,NC,5:31,134,142,false,false,8
08-2734,MN,4:54,127,135,false,false,8
08-2405,VA,5:24,164,172,false,false,8
08-0233,IN,5:44,166,179,false,false,13
08-1492,GA,5:27,113,121,false,false,8
08-1540,VT,4:25,145,153,false,false,8
08-0416,SC,5:40,76,84,false,false,8
08-1461,SC,6:02,121,129,false,true,8
08-0512,VA,5:30,159,167,false,false,8
08-1389,IN,5:38,145,153,false,false,8
08-2796,NC,5:33,156,169,false,false,13
08-0064,CO,3:47,184,200,false,false,16
08-0880,RI,6:04,165,173,false,true,8
08-2325,NC,5:52,143,111,true,false,-32
08-2335,MO,5:54,145,153,false,false,8
08-0415,SC,5:51,171,179,false,false,8
08-2406,RI,5:42,146,154,false,false,8
08-2910,VA,5:58,178,186,false,false,8
08-2076,RI,5:44,166,174,false,false,8
08-2912,VA,5:48,137,145,false,false,8
08-1937,SC,5:45,120,128,false,false,8
08-2911,VA,5:54,182,190,false,false,8
08-2793,NC,5:36,164,172,false,false,8
08-3272,NJ,6:20,69,77,false,true,8
08-0531,NC,5:11,172,180,false,false,8
08-0532,NC,5:31,172,180,false,false,8
08-1633,VT,5:28,133,141,false,false,8
08-3253,NC,5:27,83,91,false,false,8
08-1348,KS,5:03,161,169,false,false,8
08-0950,OK,5:44,139,147,false,false,8
08-1721,OK,5:44,130,138,false,false,8
08-1942,SC,5:47,153,121,true,false,-32
08-0256,FL,4:16,133,101,true,false,-32
08-2678,AL,3:49,109,117,false,false,8
08-0987,TX,5:58,128,136,false,false,8
08-2487,OK,6:05,135,143,false,true,8
08-2200,NC,3:13,122,130,false,false,8
08-2982,NC,3:41,122,130,false,false,8
08-1587,TX,5:55,125,133,false,false,8
08-2841,MD,5:21,170,178,false,false,8
08-0321,KS,5:50,155,163,false,false,8
08-0943,MD,5:47,157,170,false,false,13
08-0039,IN,5:51,174,187,false,false,13
08-1570,MD,5:33,120,128,false,false,8
08-1498,TX,5:46,146,134,false,false,-12
08-2579,SC,3:39,166,174,false,false,8
08-1728,NE,6:00,161,169,false,false,8
08-0042,IN,5:43,126,134,false,false,8
08-3036,MD,5:53,163,171,false,false,8
08-2094,VA,5:44,156,164,false,false,8
08-1037,NJ,6:02,161,169,false,true,8
08-0255,AL,5:51,152,160,false,false,8
08-1311,NY,22:56,165,173,false,true,8
08-1036,NJ,6:02,147,155,false,true,8
08-1084,IN,5:45,148,156,false,false,8
08-2593,MD,5:18,171,179,false,false,8
08-1727,NE,5:59,186,194,false,false,8
08-1593,KS,5:41,141,149,false,false,8
08-1500,TX,6:00,155,143,false,false,-12
08-1278,ME,5:33,166,174,false,false,8
08-2842,MD,4:59,160,168,false,false,8
08-2147,FL,5:58,178,186,false,false,8
08-0482,FL,4:16,122,130,false,false,8
08-0139,FL,5:50,139,147,false,false,8
08-3215,KS,26:41,141,149,false,true,8
08-0320,KS,5:45,154,162,false,false,8
08-1939,SC,5:47,164,172,false,false,8
08-0751,NE,5:52,153,161,false,false,8
08-0319,KS,5:38,178,186,false,false,8
08-0750,NE,5:51,162,170,false,false,8
08-2642,KS,5:52,178,186,false,false,8
08-1678,ME,5:29,182,190,false,false,8
08-0963,AZ,5:33,175,183,false,false,8
08-3344,FL,5:23,121,129,false,false,8
08-1685,TX,5:23,172,180,false,false,8
08-2741,FL,4:56,140,148,false,false,8
08-3357,AZ,2:36,158,166,false,false,8
08-0774,MD,5:42,162,170,false,false,8
08-1734,IN,5:34,162,170,false,false,8
08-1745,MD,5:58,150,158,false,false,8
08-2682,AL,5:57,178,186,false,false,8
08-1679,ME,5:28,145,153,false,false,8
08-0740,MD,5:51,186,194,false,false,8
08-0472,SC,6:02,141,149,false,true,8
08-0741,MD,5:48,156,164,false,false,8
08-1421,CA,5:48,164,172,false,false,8
08-2095,VA,5:34,96,104,false,false,8
08-2905,NC,4:27,121,129,false,false,8
08-1658,MD,5:55,145,153,false,false,8
08-3084,TX,5:53,148,156,false,false,8
08-3085,TX,6:01,182,190,false,true,8
08-1671,TX,5:53,154,162,false,false,8
08-1499,TX,5:49,153,161,false,false,8
08-2948,TX,6:02,141,149,false,true,8
08-0809,TN,5:29,159,167,false,false,8
08-2134,TN,5:41,164,172,false,false,8
08-1672,TX,4:43,69,77,false,false,8
08-1875,CO,5:54,156,164,false,false,8
08-1649,TX,5:31,112,120,false,false,8
08-3252,TX,6:02,115,123,false,true,8
08-2952,TX,11:42,139,147,false,true,8
08-1073,TX,5:50,168,176,false,false,8
08-0102,TX,5:40,170,178,false,false,8
08-1070,TX,5:44,132,140,false,false,8
08-3328,TX,6:06,151,159,false,true,8
08-0506,KS,5:40,140,148,false,false,8
08-2323,TX,5:50,72,80,false,false,8
08-0916,UT,5:55,169,177,false,false,8
08-2314,VA,5:17,186,194,false,false,8
08-0895,WA,5:57,163,171,false,false,8
08-1817,NJ,4:58,112,120,false,false,8
08-1069,TX,5:41,160,168,false,false,8
08-0402,CA,4:16,86,94,false,false,8
08-0373,WA,6:01,156,152,false,true,-4
08-2517,UT,5:53,170,178,false,false,8
08-1881,TX,6:03,131,139,false,true,8
08-2424,CA,5:26,88,96,false,false,8
08-1647,TX,5:27,119,127,false,false,8
08-1756,WA,5:50,132,140,false,false,8
08-1175,MO,5:04,161,169,false,false,8
08-2492,MO,3:05,124,132,false,false,8
08-0270,LA,5:52,182,190,false,false,8
08-3257,MI,5:56,133,141,false,false,8
08-0041,WA,5:19,135,143,false,false,8
08-0491,TX,5:33,186,194,false,false,8
08-1987,WA,5:18,91,99,false,false,8
08-0400,CA,3:46,89,97,false,false,8
08-3048,WA,5:42,158,166,false,false,8
08-2494,MO,3:40,148,161,false,false,13
08-2493,MO,3:47,119,127,false,false,8
08-1986,WA,5:49,168,176,false,false,8
08-1533,CA,5:44,135,148,false,false,13
08-1463,MT,6:09,151,134,true,false,-17
08-0154,CA,4:57,47,55,false,false,8
08-2491,MO,3:37,92,100,false,false,8
08-0802,WA,5:48,164,169,false,false,5
08-2885,CA,5:50,162,170,false,false,8
08-3256,CA,6:07,136,144,true,false,8
08-1982,CA,4:08,179,187,false,false,8
08-0423,CA,6:02,121,134,false,true,13
08-0773,CA,5:28,169,177,false,false,8
08-0153,CA,5:47,178,186,false,false,8
08-2207,WA,5:26,109,117,false,false,8
08-3312,AZ,3:44,144,152,false,false,8
08-2817,CA,5:25,169,177,false,false,8
08-0212,CA,5:58,163,171,false,false,8
08-2792,CA,6:00,155,163,false,false,8
08-1860,TN,4:01,94,102,false,false,8
08-3412,VA,4:53,132,120,true,false,-12
08-2776,MN,5:52,178,186,false,false,8
08-2128,CA,5:57,157,165,false,false,8
08-0043,WA,5:58,161,169,false,false,8
08-0875,TX,6:03,162,170,false,true,8
08-0769,CO,4:39,156,164,true,false,8
08-0277,CA,5:30,138,146,false,false,8
08-0148,NH,3:15,109,117,false,false,8
08-1410,CO,3:42,133,141,false,false,8
08-0614,CA,5:53,181,189,false,false,8
08-0274,CA,6:09,174,140,false,true,-34
08-2550,CA,4:07,32,40,false,false,8
08-0616,CA,5:52,176,184,false,false,8
08-0101,CA,5:48,142,150,false,false,8
08-2448,CA,3:38,120,128,false,false,8
08-0349,CO,3:35,120,128,false,false,8
08-1083,FL,5:30,122,130,false,false,8
08-3104,CA,5:55,133,141,false,false,8
08-0276,CA,6:00,153,161,false,false,8
08-3186,CA,5:52,148,153,false,false,5
08-0792,CA,6:20,146,154,false,true,8
08-3032,CA,5:26,138,146,false,false,8
08-2975,CA,5:38,102,115,false,false,13
08-3364,CA,5:56,157,165,false,false,8
08-1538,CA,6:20,76,84,false,true,8
08-0280,CA,5:34,130,138,false,false,8
08-1908,CA,5:18,111,119,false,false,8
08-0790,CA,5:52,94,102,false,false,8
08-2970,CA,5:55,123,131,false,false,8
08-1651,CA,5:40,141,149,false,false,8
08-0615,CA,5:16,163,171,false,false,8
08-0504,CA,5:20,143,156,false,false,13
08-0595,CA,5:02,135,143,false,false,8
08-2684,NE,5:52,162,149,false,false,-13
08-1909,CA,5:15,111,119,false,false,8
08-0596,CA,5:36,153,161,false,false,8
08-1625,CA,4:36,68,76,false,false,8
08-0486,CA,5:03,55,63,false,false,8
08-3082,CA,5:54,143,151,false,false,8
08-2689,NE,15:40,141,170,false,true,29
08-2265,UT,5:40,169,177,false,false,8
08-2564,UT,5:43,166,174,false,false,8
08-1905,CA,5:53,163,171,false,false,8
08-0558,CA,5:19,162,170,false,false,8
08-2228,CA,5:13,192,163,false,false,-29
08-2816,CA,5:29,84,92,false,false,8
08-2633,CA,5:49,143,151,false,false,8
08-1306,CA,5:37,100,108,false,false,8
08-1481,CA,5:41,76,84,false,false,8
08-1907,CA,4:52,111,119,false,false,8
08-2283,CA,5:06,69,77,false,false,8
08-2423,CA,6:00,164,172,false,false,8
08-2417,CA,5:56,164,172,false,false,8
08-0281,CA,5:36,162,170,false,false,8
08-3423,CA,5:51,175,183,false,false,8
08-1165,TX,5:55,114,122,false,false,8
08-3065,CA,5:22,127,135,false,false,8
08-1689,HI,5:31,105,113,false,false,8
08-3128,CA,5:17,89,97,false,false,8
08-0929,HI,5:59,137,145,false,false,8
08-0993,CA,5:35,99,107,false,false,8
08-0928,HI,5:59,128,136,false,false,8
08-2632,CA,5:03,126,134,false,false,8
08-0487,CA,4:12,163,171,false,false,8
08-0617,IN,6:01,170,178,false,true,8
08-0316,CA,4:22,162,170,false,false,8
08-3126,CA,5:08,42,50,false,false,8
08-0936,PA,10:47,154,162,false,true,8
08-3269,HI,5:30,135,143,false,false,8
08-3376,CA,2:57,76,64,true,false,-12
08-2264,MD,5:30,148,156,false,false,8
08-3125,CA,4:49,55,63,false,false,8
08-1990,MD,5:56,134,142,false,false,8
08-3028,CA,25:12,133,141,false,true,8
08-3271,HI,5:11,68,76,false,false,8
08-1308,CA,4:34,74,82,false,false,8
08-2287,CA,6:01,186,194,false,true,8
08-2191,WA,3:12,163,131,false,false,-32
08-2193,WA,3:12,163,171,false,false,8
08-1851,HI,5:50,118,126,false,false,8
08-2508,VA,3:13,64,72,true,false,8
08-2312,RI,3:13,98,106,false,false,8
08-2486,CA,5:58,155,163,false,false,8
08-3033,CA,4:21,51,59,false,false,8
08-3045,AZ,5:59,163,171,false,false,8
08-3046,AZ,4:42,117,125,false,false,8
08-3044,AZ,5:57,170,178,false,false,8
08-3042,AZ,5:50,156,164,false,false,8
08-0187,NY,6:02,175,176,false,true,1
08-1196,CA,5:45,171,179,false,false,8
08-0618,CA,6:05,149,157,false,true,8
08-1576,TX,5:59,175,183,false,false,8
08-3134,CA,6:01,119,132,false,true,13
08-1124,TX,3:08,44,52,false,false,8
08-0983,CA,5:32,96,104,false,false,8
08-3476,SC,5:18,84,92,false,false,8
08-0824,HI,5:56,158,166,false,false,8
08-2801,CA,4:08,76,84,false,false,8
08-2458,CA,6:11,164,172,false,true,8
08-2391,CA,29:01,22,30,false,true,8
08-3318,UT,5:32,61,69,false,false,8
08-1760,CA,5:32,128,136,false,false,8
08-2197,MA,4:25,27,35,false,false,8
08-2811,CA,2:43,59,67,false,false,8
08-2385,TX,4:05,155,163,false,false,8
08-3333,CA,24:08,125,119,false,true,-6
08-1997,CA,1:51,61,69,false,false,8
08-0836,DE,5:54,186,194,false,false,8
08-1857,DE,5:59,186,194,false,false,8
08-0980,VA,4:45,159,167,false,false,8
08-0979,VA,4:59,173,181,false,false,8
08-0786,OH,5:35,170,178,false,false,8
08-1704,VA,5:46,155,163,false,false,8
08-1193,VA,6:00,135,143,false,false,8
08-1032,OH,5:45,159,167,false,false,8
08-3360,MI,5:00,104,112,false,false,8
08-0684,SC,5:57,186,194,false,false,8
08-0833,OH,5:23,159,167,false,false,8
08-0788,OH,5:11,92,100,false,false,8
08-0481,FL,5:59,176,184,false,false,8
08-2591,OH,5:08,101,109,false,false,8
08-3342,FL,5:31,182,190,false,false,8
08-3343,FL,5:37,175,183,false,false,8
08-0137,FL,5:59,170,178,false,false,8
08-2362,MI,5:50,175,183,false,false,8
08-1078,SC,5:54,162,170,false,false,8
08-3264,SC,5:50,53,61,false,false,8
08-0138,FL,6:00,146,154,false,false,8
08-2490,MI,6:00,133,141,false,false,8
08-0770,PA,6:00,127,135,false,false,8
08-2364,MA,5:40,182,190,false,false,8
08-2368,MA,5:26,159,167,false,false,8
08-0090,MD,2:05,38,46,false,false,8
08-2365,MA,6:03,186,194,false,true,8
08-2367,MA,5:42,161,169,false,false,8
08-2366,MA,5:39,142,150,false,false,8
08-0089,MD,3:44,121,129,false,false,8
08-1839,AL,5:59,182,187,false,false,5
08-1238,OH,5:46,146,154,false,false,8
08-1835,AL,5:44,143,151,false,false,8
08-2115,OH,5:32,138,146,false,false,8
08-1989,FL,5:42,150,158,false,false,8
08-2562,AL,5:37,131,139,false,false,8
08-2249,NY,8:26,58,71,false,true,13
08-1932,NY,7:38,164,172,false,true,8
08-2826,NY,4:59,155,163,false,false,8
08-2067,MD,4:13,175,184,false,false,9
08-1269,MN,5:25,170,158,false,false,-12
08-1983,MD,5:55,165,173,false,false,8
08-2384,TX,5:58,178,186,false,false,8
08-2455,MD,5:54,122,130,false,false,8
08-1737,AL,5:38,188,196,false,false,8
08-0672,CT,3:34,171,179,false,false,8
08-0671,CT,3:40,171,179,false,false,8
08-3302,DC,5:57,165,173,false,false,8
08-2783,CA,385:48,146,154,false,true,8
08-3301,DC,5:55,183,191,false,false,8
08-1895,MD,2:34,77,85,false,false,8
08-2784,CA,6:07,174,182,false,true,8
08-2057,CA,6:03,171,179,false,true,8
08-3296,DC,5:43,156,164,false,false,8
08-0735,CT,5:49,182,190,false,false,8
08-2785,CA,5:56,139,147,false,false,8
08-0846,TX,5:08,182,190,false,false,8
08-0884,TX,5:34,169,177,false,false,8
08-0778,CO,5:44,176,164,false,false,-12
08-2828,CO,5:59,173,181,false,false,8
08-1121,CT,5:10,182,190,false,false,8
08-1847,VA,5:35,163,171,false,false,8
08-2375,TX,5:40,149,157,false,false,8
08-0848,TX,5:42,170,178,false,false,8
08-1703,TN,5:45,173,181,false,false,8
08-0847,TX,5:20,162,170,false,false,8
08-2345,RI,6:00,159,167,false,false,8
08-1702,TN,5:43,137,145,false,false,8
08-0781,CO,5:55,142,150,false,false,8
08-2871,TX,4:40,147,78,false,false,-69
08-1120,CT,5:07,182,190,false,false,8
08-0779,CO,5:42,176,184,false,false,8
08-0176,VA,5:42,175,183,false,false,8
08-3477,CA,5:26,178,186,false,false,8
08-0286,CT,5:36,177,185,false,false,8
08-0177,VA,5:49,159,167,false,false,8
08-0178,VA,5:58,151,159,false,false,8
08-0165,SC,5:55,174,182,false,false,8
08-1319,TX,4:29,154,162,false,false,8
08-0363,CA,3:47,137,145,false,false,8
08-0362,CA,3:58,140,148,false,false,8
08-0682,CA,4:05,151,159,false,false,8
08-0163,SC,5:46,169,177,false,false,8
08-3410,TX,4:08,147,155,false,false,8
08-1726,MS,8:07,61,41,false,true,-20
08-0557,CA,5:58,132,140,false,false,8
08-2821,NY,5:48,171,179,false,false,8
08-2750,CA,6:05,151,159,false,true,8
08-2541,CA,6:01,151,159,false,true,8
08-0763,MD,5:27,147,155,false,false,8
08-1331,LA,4:21,152,160,false,false,8
08-3366,CA,6:03,159,167,false,true,8
08-3132,CA,5:17,170,178,false,false,8
08-0746,MD,5:41,127,135,false,false,8
08-0725,TN,5:40,175,183,false,false,8
08-0901,TN,5:25,115,123,false,false,8
08-2098,TX,3:16,117,125,false,false,8
08-1243,TX,3:07,117,125,false,false,8
08-0903,TN,5:43,147,160,false,false,13
08-0747,MD,5:42,128,136,false,false,8
08-0723,TN,5:31,140,148,false,false,8
08-3090,MD,3:31,101,109,false,false,8
08-0722,TN,5:16,129,137,false,false,8
08-0900,TN,5:19,152,160,false,false,8
08-0721,TN,3:23,92,100,false,false,8
08-0225,TX,5:44,186,194,true,false,8
08-3228,MD,4:11,128,136,false,false,8
08-3293,TX,4:25,139,152,false,false,13
08-0226,TX,5:43,186,194,false,false,8
08-2268,MD,6:06,163,171,false,true,8
08-0227,TX,5:37,186,194,false,false,8
08-3222,MD,6:06,177,185,false,true,8
08-2507,TX,6:00,158,166,false,false,8
08-3218,MD,2:17,0,8,true,false,8
08-1930,LA,4:43,163,171,false,false,8
08-0387,LA,4:37,163,171,false,false,8
08-1700,TN,3:19,44,52,false,false,8
08-1292,NM,2:37,133,141,false,false,8
08-2203,CA,4:08,162,170,false,false,8
08-2188,CA,4:14,150,158,false,false,8
08-1502,AL,4:16,158,166,false,false,8
08-0678,CA,4:22,186,194,false,false,8
08-3000,SC,5:29,180,188,false,false,8
08-2998,SC,5:23,192,200,false,false,8
08-0749,MN,3:33,155,163,false,false,8
08-1751,LA,4:15,149,157,false,false,8
08-3425,AL,3:51,151,159,false,false,8
08-0681,CA,3:45,156,164,false,false,8
08-3223,VA,3:39,124,132,false,false,8
08-0224,TX,4:27,186,194,false,false,8
08-0898,OR,4:05,139,147,false,false,8
08-2138,OR,4:07,109,117,false,false,8
08-1354,AL,5:38,159,167,false,false,8
08-0906,CA,5:24,151,159,false,false,8
08-2700,MN,4:03,143,151,false,false,8
08-2556,MD,3:47,52,60,false,false,8
08-2546,HI,2:34,69,77,false,false,8
08-3394,CA,3:15,48,56,false,false,8
08-3367,CA,4:37,0,8,true,false,8
08-3227,VA,2:57,65,73,false,false,8
08-3054,CA,4:30,139,147,false,false,8
08-1867,MD,3:54,127,135,false,false,8
08-3339,CA,25:18,112,8,false,true,-104
08-2552,CA,1:18,29,37,false,false,8